l,w,h
12,5,6
12,5,7
12,5,8
12,5,9
12,5,10
12,5,11
12,5,12
12,5,13
12,5,14
12,5,15
12,5,16
12,5,17
12,5,18
12,6,6
12,6,7
12,6,8
12,6,9
12,6,10
12,6,11
12,6,12
12,6,13
12,6,14
12,6,15
12,6,16
12,6,17
12,6,18
12,7,6
12,7,7
12,7,8
12,7,9
12,7,10
12,7,11
12,7,12
12,7,13
12,7,14
12,7,15
12,7,16
12,7,17
12,7,18
12,8,6
12,8,7
12,8,8
12,8,9
12,8,10
12,8,11
12,8,12
12,8,13
12,8,14
12,8,15
12,8,16
12,8,17
12,8,18
12,9,6
12,9,7
12,9,8
12,9,9
12,9,10
12,9,11
12,9,12
12,9,13
12,9,14
12,9,15
12,9,16
12,9,17
12,9,18
12,10,6
12,10,7
12,10,8
12,10,9
12,10,10
12,10,11
12,10,12
12,10,13
12,10,14
12,10,15
12,10,16
12,10,17
12,10,18
12,11,6
12,11,7
12,11,8
12,11,9
12,11,10
12,11,11
12,11,12
12,11,13
12,11,14
12,11,15
12,11,16
12,11,17
12,11,18
12,12,6
12,12,7
12,12,8
12,12,9
12,12,10
12,12,11
12,12,12
12,12,13
12,12,14
12,12,15
12,12,16
12,12,17
12,12,18
12,13,6
12,13,7
12,13,8
12,13,9
12,13,10
12,13,11
12,13,12
12,13,13
12,13,14
12,13,15
12,13,16
12,13,17
12,13,18
12,14,6
12,14,7
12,14,8
12,14,9
12,14,10
12,14,11
12,14,12
12,14,13
12,14,14
12,14,15
12,14,16
12,14,17
12,14,18
12,15,6
12,15,7
12,15,8
12,15,9
12,15,10
12,15,11
12,15,12
12,15,13
12,15,14
12,15,15
12,15,16
12,15,17
12,15,18
13,5,6
13,5,7
13,5,8
13,5,9
13,5,10
13,5,11
13,5,12
13,5,13
13,5,14
13,5,15
13,5,16
13,5,17
13,5,18
13,6,6
13,6,7
13,6,8
13,6,9
13,6,10
13,6,11
13,6,12
13,6,13
13,6,14
13,6,15
13,6,16
13,6,17
13,6,18
13,7,6
13,7,7
13,7,8
13,7,9
13,7,10
13,7,11
13,7,12
13,7,13
13,7,14
13,7,15
13,7,16
13,7,17
13,7,18
13,8,6
13,8,7
13,8,8
13,8,9
13,8,10
13,8,11
13,8,12
13,8,13
13,8,14
13,8,15
13,8,16
13,8,17
13,8,18
13,9,6
13,9,7
13,9,8
13,9,9
13,9,10
13,9,11
13,9,12
13,9,13
13,9,14
13,9,15
13,9,16
13,9,17
13,9,18
13,10,6
13,10,7
13,10,8
13,10,9
13,10,10
13,10,11
13,10,12
13,10,13
13,10,14
13,10,15
13,10,16
13,10,17
13,10,18
13,11,6
13,11,7
13,11,8
13,11,9
13,11,10
13,11,11
13,11,12
13,11,13
13,11,14
13,11,15
13,11,16
13,11,17
13,11,18
13,12,6
13,12,7
13,12,8
13,12,9
13,12,10
13,12,11
13,12,12
13,12,13
13,12,14
13,12,15
13,12,16
13,12,17
13,12,18
13,13,6
13,13,7
13,13,8
13,13,9
13,13,10
13,13,11
13,13,12
13,13,13
13,13,14
13,13,15
13,13,16
13,13,17
13,13,18
13,14,6
13,14,7
13,14,8
13,14,9
13,14,10
13,14,11
13,14,12
13,14,13
13,14,14
13,14,15
13,14,16
13,14,17
13,14,18
13,15,6
13,15,7
13,15,8
13,15,9
13,15,10
13,15,11
13,15,12
13,15,13
13,15,14
13,15,15
13,15,16
13,15,17
13,15,18
14,5,6
14,5,7
14,5,8
14,5,9
14,5,10
14,5,11
14,5,12
14,5,13
14,5,14
14,5,15
14,5,16
14,5,17
14,5,18
14,6,6
14,6,7
14,6,8
14,6,9
14,6,10
14,6,11
14,6,12
14,6,13
14,6,14
14,6,15
14,6,16
14,6,17
14,6,18
14,7,6
14,7,7
14,7,8
14,7,9
14,7,10
14,7,11
14,7,12
14,7,13
14,7,14
14,7,15
14,7,16
14,7,17
14,7,18
14,8,6
14,8,7
14,8,8
14,8,9
14,8,10
14,8,11
14,8,12
14,8,13
14,8,14
14,8,15
14,8,16
14,8,17
14,8,18
14,9,6
14,9,7
14,9,8
14,9,9
14,9,10
14,9,11
14,9,12
14,9,13
14,9,14
14,9,15
14,9,16
14,9,17
14,9,18
14,10,6
14,10,7
14,10,8
14,10,9
14,10,10
14,10,11
14,10,12
14,10,13
14,10,14
14,10,15
14,10,16
14,10,17
14,10,18
14,11,6
14,11,7
14,11,8
14,11,9
14,11,10
14,11,11
14,11,12
14,11,13
14,11,14
14,11,15
14,11,16
14,11,17
14,11,18
14,12,6
14,12,7
14,12,8
14,12,9
14,12,10
14,12,11
14,12,12
14,12,13
14,12,14
14,12,15
14,12,16
14,12,17
14,12,18
14,13,6
14,13,7
14,13,8
14,13,9
14,13,10
14,13,11
14,13,12
14,13,13
14,13,14
14,13,15
14,13,16
14,13,17
14,13,18
14,14,6
14,14,7
14,14,8
14,14,9
14,14,10
14,14,11
14,14,12
14,14,13
14,14,14
14,14,15
14,14,16
14,14,17
14,14,18
14,15,6
14,15,7
14,15,8
14,15,9
14,15,10
14,15,11
14,15,12
14,15,13
14,15,14
14,15,15
14,15,16
14,15,17
14,15,18
15,5,6
15,5,7
15,5,8
15,5,9
15,5,10
15,5,11
15,5,12
15,5,13
15,5,14
15,5,15
15,5,16
15,5,17
15,5,18
15,6,6
15,6,7
15,6,8
15,6,9
15,6,10
15,6,11
15,6,12
15,6,13
15,6,14
15,6,15
15,6,16
15,6,17
15,6,18
15,7,6
15,7,7
15,7,8
15,7,9
15,7,10
15,7,11
15,7,12
15,7,13
15,7,14
15,7,15
15,7,16
15,7,17
15,7,18
15,8,6
15,8,7
15,8,8
15,8,9
15,8,10
15,8,11
15,8,12
15,8,13
15,8,14
15,8,15
15,8,16
15,8,17
15,8,18
15,9,6
15,9,7
15,9,8
15,9,9
15,9,10
15,9,11
15,9,12
15,9,13
15,9,14
15,9,15
15,9,16
15,9,17
15,9,18
15,10,6
15,10,7
15,10,8
15,10,9
15,10,10
15,10,11
15,10,12
15,10,13
15,10,14
15,10,15
15,10,16
15,10,17
15,10,18
15,11,6
15,11,7
15,11,8
15,11,9
15,11,10
15,11,11
15,11,12
15,11,13
15,11,14
15,11,15
15,11,16
15,11,17
15,11,18
15,12,6
15,12,7
15,12,8
15,12,9
15,12,10
15,12,11
15,12,12
15,12,13
15,12,14
15,12,15
15,12,16
15,12,17
15,12,18
15,13,6
15,13,7
15,13,8
15,13,9
15,13,10
15,13,11
15,13,12
15,13,13
15,13,14
15,13,15
15,13,16
15,13,17
15,13,18
15,14,6
15,14,7
15,14,8
15,14,9
15,14,10
15,14,11
15,14,12
15,14,13
15,14,14
15,14,15
15,14,16
15,14,17
15,14,18
15,15,6
15,15,7
15,15,8
15,15,9
15,15,10
15,15,11
15,15,12
15,15,13
15,15,14
15,15,15
15,15,16
15,15,17
15,15,18
16,5,6
16,5,7
16,5,8
16,5,9
16,5,10
16,5,11
16,5,12
16,5,13
16,5,14
16,5,15
16,5,16
16,5,17
16,5,18
16,6,6
16,6,7
16,6,8
16,6,9
16,6,10
16,6,11
16,6,12
16,6,13
16,6,14
16,6,15
16,6,16
16,6,17
16,6,18
16,7,6
16,7,7
16,7,8
16,7,9
16,7,10
16,7,11
16,7,12
16,7,13
16,7,14
16,7,15
16,7,16
16,7,17
16,7,18
16,8,6
16,8,7
16,8,8
16,8,9
16,8,10
16,8,11
16,8,12
16,8,13
16,8,14
16,8,15
16,8,16
16,8,17
16,8,18
16,9,6
16,9,7
16,9,8
16,9,9
16,9,10
16,9,11
16,9,12
16,9,13
16,9,14
16,9,15
16,9,16
16,9,17
16,9,18
16,10,6
16,10,7
16,10,8
16,10,9
16,10,10
16,10,11
16,10,12
16,10,13
16,10,14
16,10,15
16,10,16
16,10,17
16,10,18
16,11,6
16,11,7
16,11,8
16,11,9
16,11,10
16,11,11
16,11,12
16,11,13
16,11,14
16,11,15
16,11,16
16,11,17
16,11,18
16,12,6
16,12,7
16,12,8
16,12,9
16,12,10
16,12,11
16,12,12
16,12,13
16,12,14
16,12,15
16,12,16
16,12,17
16,12,18
16,13,6
16,13,7
16,13,8
16,13,9
16,13,10
16,13,11
16,13,12
16,13,13
16,13,14
16,13,15
16,13,16
16,13,17
16,13,18
16,14,6
16,14,7
16,14,8
16,14,9
16,14,10
16,14,11
16,14,12
16,14,13
16,14,14
16,14,15
16,14,16
16,14,17
16,14,18
16,15,6
16,15,7
16,15,8
16,15,9
16,15,10
16,15,11
16,15,12
16,15,13
16,15,14
16,15,15
16,15,16
16,15,17
16,15,18
17,5,6
17,5,7
17,5,8
17,5,9
17,5,10
17,5,11
17,5,12
17,5,13
17,5,14
17,5,15
17,5,16
17,5,17
17,5,18
17,6,6
17,6,7
17,6,8
17,6,9
17,6,10
17,6,11
17,6,12
17,6,13
17,6,14
17,6,15
17,6,16
17,6,17
17,6,18
17,7,6
17,7,7
17,7,8
17,7,9
17,7,10
17,7,11
17,7,12
17,7,13
17,7,14
17,7,15
17,7,16
17,7,17
17,7,18
17,8,6
17,8,7
17,8,8
17,8,9
17,8,10
17,8,11
17,8,12
17,8,13
17,8,14
17,8,15
17,8,16
17,8,17
17,8,18
17,9,6
17,9,7
17,9,8
17,9,9
17,9,10
17,9,11
17,9,12
17,9,13
17,9,14
17,9,15
17,9,16
17,9,17
17,9,18
17,10,6
17,10,7
17,10,8
17,10,9
17,10,10
17,10,11
17,10,12
17,10,13
17,10,14
17,10,15
17,10,16
17,10,17
17,10,18
17,11,6
17,11,7
17,11,8
17,11,9
17,11,10
17,11,11
17,11,12
17,11,13
17,11,14
17,11,15
17,11,16
17,11,17
17,11,18
17,12,6
17,12,7
17,12,8
17,12,9
17,12,10
17,12,11
17,12,12
17,12,13
17,12,14
17,12,15
17,12,16
17,12,17
17,12,18
17,13,6
17,13,7
17,13,8
17,13,9
17,13,10
17,13,11
17,13,12
17,13,13
17,13,14
17,13,15
17,13,16
17,13,17
17,13,18
17,14,6
17,14,7
17,14,8
17,14,9
17,14,10
17,14,11
17,14,12
17,14,13
17,14,14
17,14,15
17,14,16
17,14,17
17,14,18
17,15,6
17,15,7
17,15,8
17,15,9
17,15,10
17,15,11
17,15,12
17,15,13
17,15,14
17,15,15
17,15,16
17,15,17
17,15,18
18,5,6
18,5,7
18,5,8
18,5,9
18,5,10
18,5,11
18,5,12
18,5,13
18,5,14
18,5,15
18,5,16
18,5,17
18,5,18
18,6,6
18,6,7
18,6,8
18,6,9
18,6,10
18,6,11
18,6,12
18,6,13
18,6,14
18,6,15
18,6,16
18,6,17
18,6,18
18,7,6
18,7,7
18,7,8
18,7,9
18,7,10
18,7,11
18,7,12
18,7,13
18,7,14
18,7,15
18,7,16
18,7,17
18,7,18
18,8,6
18,8,7
18,8,8
18,8,9
18,8,10
18,8,11
18,8,12
18,8,13
18,8,14
18,8,15
18,8,16
18,8,17
18,8,18
18,9,6
18,9,7
18,9,8
18,9,9
18,9,10
18,9,11
18,9,12
18,9,13
18,9,14
18,9,15
18,9,16
18,9,17
18,9,18
18,10,6
18,10,7
18,10,8
18,10,9
18,10,10
18,10,11
18,10,12
18,10,13
18,10,14
18,10,15
18,10,16
18,10,17
18,10,18
18,11,6
18,11,7
18,11,8
18,11,9
18,11,10
18,11,11
18,11,12
18,11,13
18,11,14
18,11,15
18,11,16
18,11,17
18,11,18
18,12,6
18,12,7
18,12,8
18,12,9
18,12,10
18,12,11
18,12,12
18,12,13
18,12,14
18,12,15
18,12,16
18,12,17
18,12,18
18,13,6
18,13,7
18,13,8
18,13,9
18,13,10
18,13,11
18,13,12
18,13,13
18,13,14
18,13,15
18,13,16
18,13,17
18,13,18
18,14,6
18,14,7
18,14,8
18,14,9
18,14,10
18,14,11
18,14,12
18,14,13
18,14,14
18,14,15
18,14,16
18,14,17
18,14,18
18,15,6
18,15,7
18,15,8
18,15,9
18,15,10
18,15,11
18,15,12
18,15,13
18,15,14
18,15,15
18,15,16
18,15,17
18,15,18
19,5,6
19,5,7
19,5,8
19,5,9
19,5,10
19,5,11
19,5,12
19,5,13
19,5,14
19,5,15
19,5,16
19,5,17
19,5,18
19,6,6
19,6,7
19,6,8
19,6,9
19,6,10
19,6,11
19,6,12
19,6,13
19,6,14
19,6,15
19,6,16
19,6,17
19,6,18
19,7,6
19,7,7
19,7,8
19,7,9
19,7,10
19,7,11
19,7,12
19,7,13
19,7,14
19,7,15
19,7,16
19,7,17
19,7,18
19,8,6
19,8,7
19,8,8
19,8,9
19,8,10
19,8,11
19,8,12
19,8,13
19,8,14
19,8,15
19,8,16
19,8,17
19,8,18
19,9,6
19,9,7
19,9,8
19,9,9
19,9,10
19,9,11
19,9,12
19,9,13
19,9,14
19,9,15
19,9,16
19,9,17
19,9,18
19,10,6
19,10,7
19,10,8
19,10,9
19,10,10
19,10,11
19,10,12
19,10,13
19,10,14
19,10,15
19,10,16
19,10,17
19,10,18
19,11,6
19,11,7
19,11,8
19,11,9
19,11,10
19,11,11
19,11,12
19,11,13
19,11,14
19,11,15
19,11,16
19,11,17
19,11,18
19,12,6
19,12,7
19,12,8
19,12,9
19,12,10
19,12,11
19,12,12
19,12,13
19,12,14
19,12,15
19,12,16
19,12,17
19,12,18
19,13,6
19,13,7
19,13,8
19,13,9
19,13,10
19,13,11
19,13,12
19,13,13
19,13,14
19,13,15
19,13,16
19,13,17
19,13,18
19,14,6
19,14,7
19,14,8
19,14,9
19,14,10
19,14,11
19,14,12
19,14,13
19,14,14
19,14,15
19,14,16
19,14,17
19,14,18
19,15,6
19,15,7
19,15,8
19,15,9
19,15,10
19,15,11
19,15,12
19,15,13
19,15,14
19,15,15
19,15,16
19,15,17
19,15,18
20,5,6
20,5,7
20,5,8
20,5,9
20,5,10
20,5,11
20,5,12
20,5,13
20,5,14
20,5,15
20,5,16
20,5,17
20,5,18
20,6,6
20,6,7
20,6,8
20,6,9
20,6,10
20,6,11
20,6,12
20,6,13
20,6,14
20,6,15
20,6,16
20,6,17
20,6,18
20,7,6
20,7,7
20,7,8
20,7,9
20,7,10
20,7,11
20,7,12
20,7,13
20,7,14
20,7,15
20,7,16
20,7,17
20,7,18
20,8,6
20,8,7
20,8,8
20,8,9
20,8,10
20,8,11
20,8,12
20,8,13
20,8,14
20,8,15
20,8,16
20,8,17
20,8,18
20,9,6
20,9,7
20,9,8
20,9,9
20,9,10
20,9,11
20,9,12
20,9,13
20,9,14
20,9,15
20,9,16
20,9,17
20,9,18
20,10,6
20,10,7
20,10,8
20,10,9
20,10,10
20,10,11
20,10,12
20,10,13
20,10,14
20,10,15
20,10,16
20,10,17
20,10,18
20,11,6
20,11,7
20,11,8
20,11,9
20,11,10
20,11,11
20,11,12
20,11,13
20,11,14
20,11,15
20,11,16
20,11,17
20,11,18
20,12,6
20,12,7
20,12,8
20,12,9
20,12,10
20,12,11
20,12,12
20,12,13
20,12,14
20,12,15
20,12,16
20,12,17
20,12,18
20,13,6
20,13,7
20,13,8
20,13,9
20,13,10
20,13,11
20,13,12
20,13,13
20,13,14
20,13,15
20,13,16
20,13,17
20,13,18
20,14,6
20,14,7
20,14,8
20,14,9
20,14,10
20,14,11
20,14,12
20,14,13
20,14,14
20,14,15
20,14,16
20,14,17
20,14,18
20,15,6
20,15,7
20,15,8
20,15,9
20,15,10
20,15,11
20,15,12
20,15,13
20,15,14
20,15,15
20,15,16
20,15,17
20,15,18
21,5,6
21,5,7
21,5,8
21,5,9
21,5,10
21,5,11
21,5,12
21,5,13
21,5,14
21,5,15
21,5,16
21,5,17
21,5,18
21,6,6
21,6,7
21,6,8
21,6,9
21,6,10
21,6,11
21,6,12
21,6,13
21,6,14
21,6,15
21,6,16
21,6,17
21,6,18
21,7,6
21,7,7
21,7,8
21,7,9
21,7,10
21,7,11
21,7,12
21,7,13
21,7,14
21,7,15
21,7,16
21,7,17
21,7,18
21,8,6
21,8,7
21,8,8
21,8,9
21,8,10
21,8,11
21,8,12
21,8,13
21,8,14
21,8,15
21,8,16
21,8,17
21,8,18
21,9,6
21,9,7
21,9,8
21,9,9
21,9,10
21,9,11
21,9,12
21,9,13
21,9,14
21,9,15
21,9,16
21,9,17
21,9,18
21,10,6
21,10,7
21,10,8
21,10,9
21,10,10
21,10,11
21,10,12
21,10,13
21,10,14
21,10,15
21,10,16
21,10,17
21,10,18
21,11,6
21,11,7
21,11,8
21,11,9
21,11,10
21,11,11
21,11,12
21,11,13
21,11,14
21,11,15
21,11,16
21,11,17
21,11,18
21,12,6
21,12,7
21,12,8
21,12,9
21,12,10
21,12,11
21,12,12
21,12,13
21,12,14
21,12,15
21,12,16
21,12,17
21,12,18
21,13,6
21,13,7
21,13,8
21,13,9
21,13,10
21,13,11
21,13,12
21,13,13
21,13,14
21,13,15
21,13,16
21,13,17
21,13,18
21,14,6
21,14,7
21,14,8
21,14,9
21,14,10
21,14,11
21,14,12
21,14,13
21,14,14
21,14,15
21,14,16
21,14,17
21,14,18
21,15,6
21,15,7
21,15,8
21,15,9
21,15,10
21,15,11
21,15,12
21,15,13
21,15,14
21,15,15
21,15,16
21,15,17
21,15,18
22,5,6
22,5,7
22,5,8
22,5,9
22,5,10
22,5,11
22,5,12
22,5,13
22,5,14
22,5,15
22,5,16
22,5,17
22,5,18
22,6,6
22,6,7
22,6,8
22,6,9
22,6,10
22,6,11
22,6,12
22,6,13
22,6,14
22,6,15
22,6,16
22,6,17
22,6,18
22,7,6
22,7,7
22,7,8
22,7,9
22,7,10
22,7,11
22,7,12
22,7,13
22,7,14
22,7,15
22,7,16
22,7,17
22,7,18
22,8,6
22,8,7
22,8,8
22,8,9
22,8,10
22,8,11
22,8,12
22,8,13
22,8,14
22,8,15
22,8,16
22,8,17
22,8,18
22,9,6
22,9,7
22,9,8
22,9,9
22,9,10
22,9,11
22,9,12
22,9,13
22,9,14
22,9,15
22,9,16
22,9,17
22,9,18
22,10,6
22,10,7
22,10,8
22,10,9
22,10,10
22,10,11
22,10,12
22,10,13
22,10,14
22,10,15
22,10,16
22,10,17
22,10,18
22,11,6
22,11,7
22,11,8
22,11,9
22,11,10
22,11,11
22,11,12
22,11,13
22,11,14
22,11,15
22,11,16
22,11,17
22,11,18
22,12,6
22,12,7
22,12,8
22,12,9
22,12,10
22,12,11
22,12,12
22,12,13
22,12,14
22,12,15
22,12,16
22,12,17
22,12,18
22,13,6
22,13,7
22,13,8
22,13,9
22,13,10
22,13,11
22,13,12
22,13,13
22,13,14
22,13,15
22,13,16
22,13,17
22,13,18
22,14,6
22,14,7
22,14,8
22,14,9
22,14,10
22,14,11
22,14,12
22,14,13
22,14,14
22,14,15
22,14,16
22,14,17
22,14,18
22,15,6
22,15,7
22,15,8
22,15,9
22,15,10
22,15,11
22,15,12
22,15,13
22,15,14
22,15,15
22,15,16
22,15,17
22,15,18
23,5,6
23,5,7
23,5,8
23,5,9
23,5,10
23,5,11
23,5,12
23,5,13
23,5,14
23,5,15
23,5,16
23,5,17
23,5,18
23,6,6
23,6,7
23,6,8
23,6,9
23,6,10
23,6,11
23,6,12
23,6,13
23,6,14
23,6,15
23,6,16
23,6,17
23,6,18
23,7,6
23,7,7
23,7,8
23,7,9
23,7,10
23,7,11
23,7,12
23,7,13
23,7,14
23,7,15
23,7,16
23,7,17
23,7,18
23,8,6
23,8,7
23,8,8
23,8,9
23,8,10
23,8,11
23,8,12
23,8,13
23,8,14
23,8,15
23,8,16
23,8,17
23,8,18
23,9,6
23,9,7
23,9,8
23,9,9
23,9,10
23,9,11
23,9,12
23,9,13
23,9,14
23,9,15
23,9,16
23,9,17
23,9,18
23,10,6
23,10,7
23,10,8
23,10,9
23,10,10
23,10,11
23,10,12
23,10,13
23,10,14
23,10,15
23,10,16
23,10,17
23,10,18
23,11,6
23,11,7
23,11,8
23,11,9
23,11,10
23,11,11
23,11,12
23,11,13
23,11,14
23,11,15
23,11,16
23,11,17
23,11,18
23,12,6
23,12,7
23,12,8
23,12,9
23,12,10
23,12,11
23,12,12
23,12,13
23,12,14
23,12,15
23,12,16
23,12,17
23,12,18
23,13,6
23,13,7
23,13,8
23,13,9
23,13,10
23,13,11
23,13,12
23,13,13
23,13,14
23,13,15
23,13,16
23,13,17
23,13,18
23,14,6
23,14,7
23,14,8
23,14,9
23,14,10
23,14,11
23,14,12
23,14,13
23,14,14
23,14,15
23,14,16
23,14,17
23,14,18
23,15,6
23,15,7
23,15,8
23,15,9
23,15,10
23,15,11
23,15,12
23,15,13
23,15,14
23,15,15
23,15,16
23,15,17
23,15,18
24,5,6
24,5,7
24,5,8
24,5,9
24,5,10
24,5,11
24,5,12
24,5,13
24,5,14
24,5,15
24,5,16
24,5,17
24,5,18
24,6,6
24,6,7
24,6,8
24,6,9
24,6,10
24,6,11
24,6,12
24,6,13
24,6,14
24,6,15
24,6,16
24,6,17
24,6,18
24,7,6
24,7,7
24,7,8
24,7,9
24,7,10
24,7,11
24,7,12
24,7,13
24,7,14
24,7,15
24,7,16
24,7,17
24,7,18
24,8,6
24,8,7
24,8,8
24,8,9
24,8,10
24,8,11
24,8,12
24,8,13
24,8,14
24,8,15
24,8,16
24,8,17
24,8,18
24,9,6
24,9,7
24,9,8
24,9,9
24,9,10
24,9,11
24,9,12
24,9,13
24,9,14
24,9,15
24,9,16
24,9,17
24,9,18
24,10,6
24,10,7
24,10,8
24,10,9
24,10,10
24,10,11
24,10,12
24,10,13
24,10,14
24,10,15
24,10,16
24,10,17
24,10,18
24,11,6
24,11,7
24,11,8
24,11,9
24,11,10
24,11,11
24,11,12
24,11,13
24,11,14
24,11,15
24,11,16
24,11,17
24,11,18
24,12,6
24,12,7
24,12,8
24,12,9
24,12,10
24,12,11
24,12,12
24,12,13
24,12,14
24,12,15
24,12,16
24,12,17
24,12,18
24,13,6
24,13,7
24,13,8
24,13,9
24,13,10
24,13,11
24,13,12
24,13,13
24,13,14
24,13,15
24,13,16
24,13,17
24,13,18
24,14,6
24,14,7
24,14,8
24,14,9
24,14,10
24,14,11
24,14,12
24,14,13
24,14,14
24,14,15
24,14,16
24,14,17
24,14,18
24,15,6
24,15,7
24,15,8
24,15,9
24,15,10
24,15,11
24,15,12
24,15,13
24,15,14
24,15,15
24,15,16
24,15,17
24,15,18
25,5,6
25,5,7
25,5,8
25,5,9
25,5,10
25,5,11
25,5,12
25,5,13
25,5,14
25,5,15
25,5,16
25,5,17
25,5,18
25,6,6
25,6,7
25,6,8
25,6,9
25,6,10
25,6,11
25,6,12
25,6,13
25,6,14
25,6,15
25,6,16
25,6,17
25,6,18
25,7,6
25,7,7
25,7,8
25,7,9
25,7,10
25,7,11
25,7,12
25,7,13
25,7,14
25,7,15
25,7,16
25,7,17
25,7,18
25,8,6
25,8,7
25,8,8
25,8,9
25,8,10
25,8,11
25,8,12
25,8,13
25,8,14
25,8,15
25,8,16
25,8,17
25,8,18
25,9,6
25,9,7
25,9,8
25,9,9
25,9,10
25,9,11
25,9,12
25,9,13
25,9,14
25,9,15
25,9,16
25,9,17
25,9,18
25,10,6
25,10,7
25,10,8
25,10,9
25,10,10
25,10,11
25,10,12
25,10,13
25,10,14
25,10,15
25,10,16
25,10,17
25,10,18
25,11,6
25,11,7
25,11,8
25,11,9
25,11,10
25,11,11
25,11,12
25,11,13
25,11,14
25,11,15
25,11,16
25,11,17
25,11,18
25,12,6
25,12,7
25,12,8
25,12,9
25,12,10
25,12,11
25,12,12
25,12,13
25,12,14
25,12,15
25,12,16
25,12,17
25,12,18
25,13,6
25,13,7
25,13,8
25,13,9
25,13,10
25,13,11
25,13,12
25,13,13
25,13,14
25,13,15
25,13,16
25,13,17
25,13,18
25,14,6
25,14,7
25,14,8
25,14,9
25,14,10
25,14,11
25,14,12
25,14,13
25,14,14
25,14,15
25,14,16
25,14,17
25,14,18
25,15,6
25,15,7
25,15,8
25,15,9
25,15,10
25,15,11
25,15,12
25,15,13
25,15,14
25,15,15
25,15,16
25,15,17
25,15,18
26,5,6
26,5,7
26,5,8
26,5,9
26,5,10
26,5,11
26,5,12
26,5,13
26,5,14
26,5,15
26,5,16
26,5,17
26,5,18
26,6,6
26,6,7
26,6,8
26,6,9
26,6,10
26,6,11
26,6,12
26,6,13
26,6,14
26,6,15
26,6,16
26,6,17
26,6,18
26,7,6
26,7,7
26,7,8
26,7,9
26,7,10
26,7,11
26,7,12
26,7,13
26,7,14
26,7,15
26,7,16
26,7,17
26,7,18
26,8,6
26,8,7
26,8,8
26,8,9
26,8,10
26,8,11
26,8,12
26,8,13
26,8,14
26,8,15
26,8,16
26,8,17
26,8,18
26,9,6
26,9,7
26,9,8
26,9,9
26,9,10
26,9,11
26,9,12
26,9,13
26,9,14
26,9,15
26,9,16
26,9,17
26,9,18
26,10,6
26,10,7
26,10,8
26,10,9
26,10,10
26,10,11
26,10,12
26,10,13
26,10,14
26,10,15
26,10,16
26,10,17
26,10,18
26,11,6
26,11,7
26,11,8
26,11,9
26,11,10
26,11,11
26,11,12
26,11,13
26,11,14
26,11,15
26,11,16
26,11,17
26,11,18
26,12,6
26,12,7
26,12,8
26,12,9
26,12,10
26,12,11
26,12,12
26,12,13
26,12,14
26,12,15
26,12,16
26,12,17
26,12,18
26,13,6
26,13,7
26,13,8
26,13,9
26,13,10
26,13,11
26,13,12
26,13,13
26,13,14
26,13,15
26,13,16
26,13,17
26,13,18
26,14,6
26,14,7
26,14,8
26,14,9
26,14,10
26,14,11
26,14,12
26,14,13
26,14,14
26,14,15
26,14,16
26,14,17
26,14,18
26,15,6
26,15,7
26,15,8
26,15,9
26,15,10
26,15,11
26,15,12
26,15,13
26,15,14
26,15,15
26,15,16
26,15,17
26,15,18
27,5,6
27,5,7
27,5,8
27,5,9
27,5,10
27,5,11
27,5,12
27,5,13
27,5,14
27,5,15
27,5,16
27,5,17
27,5,18
27,6,6
27,6,7
27,6,8
27,6,9
27,6,10
27,6,11
27,6,12
27,6,13
27,6,14
27,6,15
27,6,16
27,6,17
27,6,18
27,7,6
27,7,7
27,7,8
27,7,9
27,7,10
27,7,11
27,7,12
27,7,13
27,7,14
27,7,15
27,7,16
27,7,17
27,7,18
27,8,6
27,8,7
27,8,8
27,8,9
27,8,10
27,8,11
27,8,12
27,8,13
27,8,14
27,8,15
27,8,16
27,8,17
27,8,18
27,9,6
27,9,7
27,9,8
27,9,9
27,9,10
27,9,11
27,9,12
27,9,13
27,9,14
27,9,15
27,9,16
27,9,17
27,9,18
27,10,6
27,10,7
27,10,8
27,10,9
27,10,10
27,10,11
27,10,12
27,10,13
27,10,14
27,10,15
27,10,16
27,10,17
27,10,18
27,11,6
27,11,7
27,11,8
27,11,9
27,11,10
27,11,11
27,11,12
27,11,13
27,11,14
27,11,15
27,11,16
27,11,17
27,11,18
27,12,6
27,12,7
27,12,8
27,12,9
27,12,10
27,12,11
27,12,12
27,12,13
27,12,14
27,12,15
27,12,16
27,12,17
27,12,18
27,13,6
27,13,7
27,13,8
27,13,9
27,13,10
27,13,11
27,13,12
27,13,13
27,13,14
27,13,15
27,13,16
27,13,17
27,13,18
27,14,6
27,14,7
27,14,8
27,14,9
27,14,10
27,14,11
27,14,12
27,14,13
27,14,14
27,14,15
27,14,16
27,14,17
27,14,18
27,15,6
27,15,7
27,15,8
27,15,9
27,15,10
27,15,11
27,15,12
27,15,13
27,15,14
27,15,15
27,15,16
27,15,17
27,15,18
28,5,6
28,5,7
28,5,8
28,5,9
28,5,10
28,5,11
28,5,12
28,5,13
28,5,14
28,5,15
28,5,16
28,5,17
28,5,18
28,6,6
28,6,7
28,6,8
28,6,9
28,6,10
28,6,11
28,6,12
28,6,13
28,6,14
28,6,15
28,6,16
28,6,17
28,6,18
28,7,6
28,7,7
28,7,8
28,7,9
28,7,10
28,7,11
28,7,12
28,7,13
28,7,14
28,7,15
28,7,16
28,7,17
28,7,18
28,8,6
28,8,7
28,8,8
28,8,9
28,8,10
28,8,11
28,8,12
28,8,13
28,8,14
28,8,15
28,8,16
28,8,17
28,8,18
28,9,6
28,9,7
28,9,8
28,9,9
28,9,10
28,9,11
28,9,12
28,9,13
28,9,14
28,9,15
28,9,16
28,9,17
28,9,18
28,10,6
28,10,7
28,10,8
28,10,9
28,10,10
28,10,11
28,10,12
28,10,13
28,10,14
28,10,15
28,10,16
28,10,17
28,10,18
28,11,6
28,11,7
28,11,8
28,11,9
28,11,10
28,11,11
28,11,12
28,11,13
28,11,14
28,11,15
28,11,16
28,11,17
28,11,18
28,12,6
28,12,7
28,12,8
28,12,9
28,12,10
28,12,11
28,12,12
28,12,13
28,12,14
28,12,15
28,12,16
28,12,17
28,12,18
28,13,6
28,13,7
28,13,8
28,13,9
28,13,10
28,13,11
28,13,12
28,13,13
28,13,14
28,13,15
28,13,16
28,13,17
28,13,18
28,14,6
28,14,7
28,14,8
28,14,9
28,14,10
28,14,11
28,14,12
28,14,13
28,14,14
28,14,15
28,14,16
28,14,17
28,14,18
28,15,6
28,15,7
28,15,8
28,15,9
28,15,10
28,15,11
28,15,12
28,15,13
28,15,14
28,15,15
28,15,16
28,15,17
28,15,18
29,5,6
29,5,7
29,5,8
29,5,9
29,5,10
29,5,11
29,5,12
29,5,13
29,5,14
29,5,15
29,5,16
29,5,17
29,5,18
29,6,6
29,6,7
29,6,8
29,6,9
29,6,10
29,6,11
29,6,12
29,6,13
29,6,14
29,6,15
29,6,16
29,6,17
29,6,18
29,7,6
29,7,7
29,7,8
29,7,9
29,7,10
29,7,11
29,7,12
29,7,13
29,7,14
29,7,15
29,7,16
29,7,17
29,7,18
29,8,6
29,8,7
29,8,8
29,8,9
29,8,10
29,8,11
29,8,12
29,8,13
29,8,14
29,8,15
29,8,16
29,8,17
29,8,18
29,9,6
29,9,7
29,9,8
29,9,9
29,9,10
29,9,11
29,9,12
29,9,13
29,9,14
29,9,15
29,9,16
29,9,17
29,9,18
29,10,6
29,10,7
29,10,8
29,10,9
29,10,10
29,10,11
29,10,12
29,10,13
29,10,14
29,10,15
29,10,16
29,10,17
29,10,18
29,11,6
29,11,7
29,11,8
29,11,9
29,11,10
29,11,11
29,11,12
29,11,13
29,11,14
29,11,15
29,11,16
29,11,17
29,11,18
29,12,6
29,12,7
29,12,8
29,12,9
29,12,10
29,12,11
29,12,12
29,12,13
29,12,14
29,12,15
29,12,16
29,12,17
29,12,18
29,13,6
29,13,7
29,13,8
29,13,9
29,13,10
29,13,11
29,13,12
29,13,13
29,13,14
29,13,15
29,13,16
29,13,17
29,13,18
29,14,6
29,14,7
29,14,8
29,14,9
29,14,10
29,14,11
29,14,12
29,14,13
29,14,14
29,14,15
29,14,16
29,14,17
29,14,18
29,15,6
29,15,7
29,15,8
29,15,9
29,15,10
29,15,11
29,15,12
29,15,13
29,15,14
29,15,15
29,15,16
29,15,17
29,15,18
30,5,6
30,5,7
30,5,8
30,5,9
30,5,10
30,5,11
30,5,12
30,5,13
30,5,14
30,5,15
30,5,16
30,5,17
30,5,18
30,6,6
30,6,7
30,6,8
30,6,9
30,6,10
30,6,11
30,6,12
30,6,13
30,6,14
30,6,15
30,6,16
30,6,17
30,6,18
30,7,6
30,7,7
30,7,8
30,7,9
30,7,10
30,7,11
30,7,12
30,7,13
30,7,14
30,7,15
30,7,16
30,7,17
30,7,18
30,8,6
30,8,7
30,8,8
30,8,9
30,8,10
30,8,11
30,8,12
30,8,13
30,8,14
30,8,15
30,8,16
30,8,17
30,8,18
30,9,6
30,9,7
30,9,8
30,9,9
30,9,10
30,9,11
30,9,12
30,9,13
30,9,14
30,9,15
30,9,16
30,9,17
30,9,18
30,10,6
30,10,7
30,10,8
30,10,9
30,10,10
30,10,11
30,10,12
30,10,13
30,10,14
30,10,15
30,10,16
30,10,17
30,10,18
30,11,6
30,11,7
30,11,8
30,11,9
30,11,10
30,11,11
30,11,12
30,11,13
30,11,14
30,11,15
30,11,16
30,11,17
30,11,18
30,12,6
30,12,7
30,12,8
30,12,9
30,12,10
30,12,11
30,12,12
30,12,13
30,12,14
30,12,15
30,12,16
30,12,17
30,12,18
30,13,6
30,13,7
30,13,8
30,13,9
30,13,10
30,13,11
30,13,12
30,13,13
30,13,14
30,13,15
30,13,16
30,13,17
30,13,18
30,14,6
30,14,7
30,14,8
30,14,9
30,14,10
30,14,11
30,14,12
30,14,13
30,14,14
30,14,15
30,14,16
30,14,17
30,14,18
30,15,6
30,15,7
30,15,8
30,15,9
30,15,10
30,15,11
30,15,12
30,15,13
30,15,14
30,15,15
30,15,16
30,15,17
30,15,18
31,5,6
31,5,7
31,5,8
31,5,9
31,5,10
31,5,11
31,5,12
31,5,13
31,5,14
31,5,15
31,5,16
31,5,17
31,5,18
31,6,6
31,6,7
31,6,8
31,6,9
31,6,10
31,6,11
31,6,12
31,6,13
31,6,14
31,6,15
31,6,16
31,6,17
31,6,18
31,7,6
31,7,7
31,7,8
31,7,9
31,7,10
31,7,11
31,7,12
31,7,13
31,7,14
31,7,15
31,7,16
31,7,17
31,7,18
31,8,6
31,8,7
31,8,8
31,8,9
31,8,10
31,8,11
31,8,12
31,8,13
31,8,14
31,8,15
31,8,16
31,8,17
31,8,18
31,9,6
31,9,7
31,9,8
31,9,9
31,9,10
31,9,11
31,9,12
31,9,13
31,9,14
31,9,15
31,9,16
31,9,17
31,9,18
31,10,6
31,10,7
31,10,8
31,10,9
31,10,10
31,10,11
31,10,12
31,10,13
31,10,14
31,10,15
31,10,16
31,10,17
31,10,18
31,11,6
31,11,7
31,11,8
31,11,9
31,11,10
31,11,11
31,11,12
31,11,13
31,11,14
31,11,15
31,11,16
31,11,17
31,11,18
31,12,6
31,12,7
31,12,8
31,12,9
31,12,10
31,12,11
31,12,12
31,12,13
31,12,14
31,12,15
31,12,16
31,12,17
31,12,18
31,13,6
31,13,7
31,13,8
31,13,9
31,13,10
31,13,11
31,13,12
31,13,13
31,13,14
31,13,15
31,13,16
31,13,17
31,13,18
31,14,6
31,14,7
31,14,8
31,14,9
31,14,10
31,14,11
31,14,12
31,14,13
31,14,14
31,14,15
31,14,16
31,14,17
31,14,18
31,15,6
31,15,7
31,15,8
31,15,9
31,15,10
31,15,11
31,15,12
31,15,13
31,15,14
31,15,15
31,15,16
31,15,17
31,15,18
32,5,6
32,5,7
32,5,8
32,5,9
32,5,10
32,5,11
32,5,12
32,5,13
32,5,14
32,5,15
32,5,16
32,5,17
32,5,18
32,6,6
32,6,7
32,6,8
32,6,9
32,6,10
32,6,11
32,6,12
32,6,13
32,6,14
32,6,15
32,6,16
32,6,17
32,6,18
32,7,6
32,7,7
32,7,8
32,7,9
32,7,10
32,7,11
32,7,12
32,7,13
32,7,14
32,7,15
32,7,16
32,7,17
32,7,18
32,8,6
32,8,7
32,8,8
32,8,9
32,8,10
32,8,11
32,8,12
32,8,13
32,8,14
32,8,15
32,8,16
32,8,17
32,8,18
32,9,6
32,9,7
32,9,8
32,9,9
32,9,10
32,9,11
32,9,12
32,9,13
32,9,14
32,9,15
32,9,16
32,9,17
32,9,18
32,10,6
32,10,7
32,10,8
32,10,9
32,10,10
32,10,11
32,10,12
32,10,13
32,10,14
32,10,15
32,10,16
32,10,17
32,10,18
32,11,6
32,11,7
32,11,8
32,11,9
32,11,10
32,11,11
32,11,12
32,11,13
32,11,14
32,11,15
32,11,16
32,11,17
32,11,18
32,12,6
32,12,7
32,12,8
32,12,9
32,12,10
32,12,11
32,12,12
32,12,13
32,12,14
32,12,15
32,12,16
32,12,17
32,12,18
32,13,6
32,13,7
32,13,8
32,13,9
32,13,10
32,13,11
32,13,12
32,13,13
32,13,14
32,13,15
32,13,16
32,13,17
32,13,18
32,14,6
32,14,7
32,14,8
32,14,9
32,14,10
32,14,11
32,14,12
32,14,13
32,14,14
32,14,15
32,14,16
32,14,17
32,14,18
32,15,6
32,15,7
32,15,8
32,15,9
32,15,10
32,15,11
32,15,12
32,15,13
32,15,14
32,15,15
32,15,16
32,15,17
32,15,18
33,5,6
33,5,7
33,5,8
33,5,9
33,5,10
33,5,11
33,5,12
33,5,13
33,5,14
33,5,15
33,5,16
33,5,17
33,5,18
33,6,6
33,6,7
33,6,8
33,6,9
33,6,10
33,6,11
33,6,12
33,6,13
33,6,14
33,6,15
33,6,16
33,6,17
33,6,18
33,7,6
33,7,7
33,7,8
33,7,9
33,7,10
33,7,11
33,7,12
33,7,13
33,7,14
33,7,15
33,7,16
33,7,17
33,7,18
33,8,6
33,8,7
33,8,8
33,8,9
33,8,10
33,8,11
33,8,12
33,8,13
33,8,14
33,8,15
33,8,16
33,8,17
33,8,18
33,9,6
33,9,7
33,9,8
33,9,9
33,9,10
33,9,11
33,9,12
33,9,13
33,9,14
33,9,15
33,9,16
33,9,17
33,9,18
33,10,6
33,10,7
33,10,8
33,10,9
33,10,10
33,10,11
33,10,12
33,10,13
33,10,14
33,10,15
33,10,16
33,10,17
33,10,18
33,11,6
33,11,7
33,11,8
33,11,9
33,11,10
33,11,11
33,11,12
33,11,13
33,11,14
33,11,15
33,11,16
33,11,17
33,11,18
33,12,6
33,12,7
33,12,8
33,12,9
33,12,10
33,12,11
33,12,12
33,12,13
33,12,14
33,12,15
33,12,16
33,12,17
33,12,18
33,13,6
33,13,7
33,13,8
33,13,9
33,13,10
33,13,11
33,13,12
33,13,13
33,13,14
33,13,15
33,13,16
33,13,17
33,13,18
33,14,6
33,14,7
33,14,8
33,14,9
33,14,10
33,14,11
33,14,12
33,14,13
33,14,14
33,14,15
33,14,16
33,14,17
33,14,18
33,15,6
33,15,7
33,15,8
33,15,9
33,15,10
33,15,11
33,15,12
33,15,13
33,15,14
33,15,15
33,15,16
33,15,17
33,15,18
34,5,6
34,5,7
34,5,8
34,5,9
34,5,10
34,5,11
34,5,12
34,5,13
34,5,14
34,5,15
34,5,16
34,5,17
34,5,18
34,6,6
34,6,7
34,6,8
34,6,9
34,6,10
34,6,11
34,6,12
34,6,13
34,6,14
34,6,15
34,6,16
34,6,17
34,6,18
34,7,6
34,7,7
34,7,8
34,7,9
34,7,10
34,7,11
34,7,12
34,7,13
34,7,14
34,7,15
34,7,16
34,7,17
34,7,18
34,8,6
34,8,7
34,8,8
34,8,9
34,8,10
34,8,11
34,8,12
34,8,13
34,8,14
34,8,15
34,8,16
34,8,17
34,8,18
34,9,6
34,9,7
34,9,8
34,9,9
34,9,10
34,9,11
34,9,12
34,9,13
34,9,14
34,9,15
34,9,16
34,9,17
34,9,18
34,10,6
34,10,7
34,10,8
34,10,9
34,10,10
34,10,11
34,10,12
34,10,13
34,10,14
34,10,15
34,10,16
34,10,17
34,10,18
34,11,6
34,11,7
34,11,8
34,11,9
34,11,10
34,11,11
34,11,12
34,11,13
34,11,14
34,11,15
34,11,16
34,11,17
34,11,18
34,12,6
34,12,7
34,12,8
34,12,9
34,12,10
34,12,11
34,12,12
34,12,13
34,12,14
34,12,15
34,12,16
34,12,17
34,12,18
34,13,6
34,13,7
34,13,8
34,13,9
34,13,10
34,13,11
34,13,12
34,13,13
34,13,14
34,13,15
34,13,16
34,13,17
34,13,18
34,14,6
34,14,7
34,14,8
34,14,9
34,14,10
34,14,11
34,14,12
34,14,13
34,14,14
34,14,15
34,14,16
34,14,17
34,14,18
34,15,6
34,15,7
34,15,8
34,15,9
34,15,10
34,15,11
34,15,12
34,15,13
34,15,14
34,15,15
34,15,16
34,15,17
34,15,18
35,5,6
35,5,7
35,5,8
35,5,9
35,5,10
35,5,11
35,5,12
35,5,13
35,5,14
35,5,15
35,5,16
35,5,17
35,5,18
35,6,6
35,6,7
35,6,8
35,6,9
35,6,10
35,6,11
35,6,12
35,6,13
35,6,14
35,6,15
35,6,16
35,6,17
35,6,18
35,7,6
35,7,7
35,7,8
35,7,9
35,7,10
35,7,11
35,7,12
35,7,13
35,7,14
35,7,15
35,7,16
35,7,17
35,7,18
35,8,6
35,8,7
35,8,8
35,8,9
35,8,10
35,8,11
35,8,12
35,8,13
35,8,14
35,8,15
35,8,16
35,8,17
35,8,18
35,9,6
35,9,7
35,9,8
35,9,9
35,9,10
35,9,11
35,9,12
35,9,13
35,9,14
35,9,15
35,9,16
35,9,17
35,9,18
35,10,6
35,10,7
35,10,8
35,10,9
35,10,10
35,10,11
35,10,12
35,10,13
35,10,14
35,10,15
35,10,16
35,10,17
35,10,18
35,11,6
35,11,7
35,11,8
35,11,9
35,11,10
35,11,11
35,11,12
35,11,13
35,11,14
35,11,15
35,11,16
35,11,17
35,11,18
35,12,6
35,12,7
35,12,8
35,12,9
35,12,10
35,12,11
35,12,12
35,12,13
35,12,14
35,12,15
35,12,16
35,12,17
35,12,18
35,13,6
35,13,7
35,13,8
35,13,9
35,13,10
35,13,11
35,13,12
35,13,13
35,13,14
35,13,15
35,13,16
35,13,17
35,13,18
35,14,6
35,14,7
35,14,8
35,14,9
35,14,10
35,14,11
35,14,12
35,14,13
35,14,14
35,14,15
35,14,16
35,14,17
35,14,18
35,15,6
35,15,7
35,15,8
35,15,9
35,15,10
35,15,11
35,15,12
35,15,13
35,15,14
35,15,15
35,15,16
35,15,17
35,15,18
36,5,6
36,5,7
36,5,8
36,5,9
36,5,10
36,5,11
36,5,12
36,5,13
36,5,14
36,5,15
36,5,16
36,5,17
36,5,18
36,6,6
36,6,7
36,6,8
36,6,9
36,6,10
36,6,11
36,6,12
36,6,13
36,6,14
36,6,15
36,6,16
36,6,17
36,6,18
36,7,6
36,7,7
36,7,8
36,7,9
36,7,10
36,7,11
36,7,12
36,7,13
36,7,14
36,7,15
36,7,16
36,7,17
36,7,18
36,8,6
36,8,7
36,8,8
36,8,9
36,8,10
36,8,11
36,8,12
36,8,13
36,8,14
36,8,15
36,8,16
36,8,17
36,8,18
36,9,6
36,9,7
36,9,8
36,9,9
36,9,10
36,9,11
36,9,12
36,9,13
36,9,14
36,9,15
36,9,16
36,9,17
36,9,18
36,10,6
36,10,7
36,10,8
36,10,9
36,10,10
36,10,11
36,10,12
36,10,13
36,10,14
36,10,15
36,10,16
36,10,17
36,10,18
36,11,6
36,11,7
36,11,8
36,11,9
36,11,10
36,11,11
36,11,12
36,11,13
36,11,14
36,11,15
36,11,16
36,11,17
36,11,18
36,12,6
36,12,7
36,12,8
36,12,9
36,12,10
36,12,11
36,12,12
36,12,13
36,12,14
36,12,15
36,12,16
36,12,17
36,12,18
36,13,6
36,13,7
36,13,8
36,13,9
36,13,10
36,13,11
36,13,12
36,13,13
36,13,14
36,13,15
36,13,16
36,13,17
36,13,18
36,14,6
36,14,7
36,14,8
36,14,9
36,14,10
36,14,11
36,14,12
36,14,13
36,14,14
36,14,15
36,14,16
36,14,17
36,14,18
36,15,6
36,15,7
36,15,8
36,15,9
36,15,10
36,15,11
36,15,12
36,15,13
36,15,14
36,15,15
36,15,16
36,15,17
36,15,18
