oder_id,if_loaded,sku_counts,total_skuvolume,sku_average_volume,sku_length_var,sku_width_var,sku_height_var,aspect_ratio_var,vehicle_capacity,sku_length_avg,sku_width_avg,sku_height_avg,max_asr,vehicle_length,vehicle_width,vehicle_height,spare_capacity,sku_concentration
1,1,66,11.93910578,0.180895542,0.170309593,0.024791483,0.048674804,0.165433603,15.06624,0.798287879,0.411454545,0.450893939,1.57,4.13,1.9,1.92,3.12713422,17
2,1,121,10.56594145,0.08732183,0.017972333,0.017486412,0.054505556,0.040366857,15.06624,0.460818182,0.347347107,0.341330579,1.355,4.13,1.9,1.92,4.50029855,5
3,1,251,12.43688478,0.049549342,0.059927035,0.02031436,0.059066106,0.104399022,15.06624,0.38949004,0.146007968,0.337079681,2.04,4.13,1.9,1.92,2.62935522,30
4,1,264,12.58626646,0.047675252,0.004544902,0.006393636,0.011226651,0.009052124,15.06624,0.327746212,0.278890152,0.363784091,1.6,4.13,1.9,1.92,2.47997354,24
5,1,501,12.60297184,0.025155632,0.037918016,0.009948782,0.010626912,0.04265543,15.06624,0.339996008,0.13952495,0.30098004,1.9,4.13,1.9,1.92,2.46326816,13
6,1,288,12.40216747,0.043063081,0.070708786,0.015639031,0.012606954,0.076322597,15.06624,0.436326389,0.159013889,0.322645833,1.57,4.13,1.9,1.92,2.66407253,10
7,1,65,13.10402916,0.201600449,0.015265741,0.009951934,0.056440601,0.012524135,15.06624,0.882707692,0.481861538,0.499846154,1.57,4.13,1.9,1.92,1.96221084,9
8,1,231,12.89558985,0.055825064,0.034832296,0.00404254,0.005176449,0.039739736,15.06624,0.488580087,0.255679654,0.402268398,1.107,4.13,1.9,1.92,2.17065015,22
9,1,101,10.94663018,0.108382477,0.055829894,0.019898755,0.054918378,0.102544369,15.06624,0.53070297,0.311623762,0.449524752,2.04,4.13,1.9,1.92,4.11960982,26
10,0,37,14.46899619,0.391053951,0.02939945,0.040035056,0.240555973,0.124420503,15.06624,0.882972973,0.585,0.777162162,2,4.13,1.9,1.92,0.59724381,34
11,1,41,12.45197457,0.303706697,0.073394088,0.026130638,0.087811706,0.044477872,15.06624,0.822365854,0.557365854,0.683487805,1.545,4.13,1.9,1.92,2.61426543,35
12,1,53,11.76936825,0.222063552,0.045334652,0.012629068,0.107938951,0.05923906,15.06624,0.790660377,0.440679245,0.617169811,2,4.15,1.95,1.86,3.29687175,18
13,0,97,13.40913288,0.138238483,0.087108554,0.02314161,0.01223791,0.121218579,15.05205,0.687061856,0.428742268,0.348164948,1.885,4.15,1.95,1.86,1.64291712,19
14,1,35,12.45869498,0.355962714,0.209822605,0.044684047,0.029067224,0.209822605,15.05205,1.079571429,0.5832,0.4312,1.87,4.15,1.95,1.86,2.59335502,15
15,1,41,12.44608496,0.303563048,0.062203524,0.049744324,0.025265099,0.109542549,15.05205,0.894585366,0.58097561,0.501585366,2.448,4.15,1.95,2,2.60596504,13
16,1,64,13.48704,0.210735,0.090253591,0.009421681,0.017323042,0.079900141,16.185,1.0525,0.585,0.35,1.195,4.15,1.95,2,2.69796,2
17,0,41,14.21689845,0.346753621,0.191422139,0.045302995,0.025834674,0.191422139,16.185,1.158243902,0.621829268,0.38197561,2.01,4.15,1.95,2,1.96810155,40
18,1,213,13.89417809,0.065230883,0.06194286,0.015915527,0.005957008,0.072886766,16.185,0.488201878,0.368586854,0.258338028,1.49,4.15,1.95,2,2.29082191,21
19,1,291,14.39243724,0.049458547,0.047983526,0.012546935,0.01930472,0.058363448,16.185,0.405446735,0.328773196,0.173969072,1.9,4.17,1.95,1.98,1.79256276,39
20,1,67,12.72941394,0.189991253,0.095114784,0.031130821,0.096015002,0.187124284,16.10037,0.758626866,0.378238806,0.509597015,2.04,4.17,1.95,1.98,3.37095606,42
21,1,47,11.37485685,0.242018231,0.027750898,0.013457331,0.138766651,0.071971148,16.10037,0.892595745,0.47287234,0.535851064,1.885,4.17,1.95,1.98,4.72551315,17
22,0,60,15.11319284,0.251886547,0.189341678,0.014858695,0.122001942,0.185005474,16.10037,1.299516667,0.304016667,0.716083333,2.35,4.17,1.95,1.98,0.98717716,12
23,1,206,12.10593451,0.058766672,0.091237137,0.017650586,0.008607146,7.349643684,16.10037,0.431456311,0.296626214,0.350024272,1.565,4.17,1.95,1.98,3.99443549,16
24,1,477,12.86396437,0.026968479,0.061883381,0.012539004,0.028536376,0.056630239,16.10037,0.298322851,0.168815514,0.292989518,1.195,4.17,1.95,1.98,3.23640563,32
25,1,235,14.01953977,0.059657616,0.053478303,0.044349234,0.04197116,0.078678114,16.10037,0.326787234,0.296208511,0.301574468,1.31,4.17,1.95,1.98,2.08083023,37
26,0,54,14.40715623,0.266799189,0.08552284,0.009659624,0.082776799,0.078358516,16.10037,1.059092593,0.47312963,0.549259259,2.04,4.17,1.95,1.98,1.69321377,18
27,0,29,13.13838819,0.453047869,0.022450786,0.046354993,0.20601185,0.173894207,16.10037,0.68162069,0.637724138,0.934724138,2.01,4.17,1.95,1.98,2.96198181,21
28,0,52,14.32751893,0.27552921,0.07089442,0.019465742,0.159008318,0.103271706,16.10037,0.846673077,0.499942308,0.630269231,2,4.17,1.95,1.98,1.77285107,29
29,1,115,18.65856234,0.162248368,0.001405285,0.016560403,0.004713454,0.001752166,21.449448,0.913973913,0.491582609,0.34986087,1.024,4.19,2.16,2.37,2.79088566,8
30,0,71,15.67530555,0.220778951,0.118294217,0.015148403,0.052087538,0.662280609,17.64,0.877253521,0.407816901,0.558690141,4.7625,4.2,2.1,2,1.96469445,20
31,0,45,17.46151242,0.388033609,0.234862517,0.050870062,0.386491429,0.536805002,17.64,0.629711111,0.445933333,0.806355556,4.305263158,4.2,2.1,2,0.17848758,21
32,1,91,10.81828564,0.11888226,0.089148963,0.011563769,0.035199989,1.843478046,17.64,0.608065934,0.350703297,0.476296703,9.829268293,4.2,2.2,2,6.82171436,19
33,1,99,17.11484775,0.17287725,0,0,0,4.93E-32,18.48,0.51,0.455,0.745,1.637362637,4.2,2.2,2,1.36515225,1
34,1,18,10.6844455,0.593580306,0.063147917,0.011232099,0.500970988,1.299496525,18.48,0.9825,0.601111111,1.003888889,5.446428571,4.2,2.2,2,7.7955545,11
35,1,13,14.83137843,1.140875263,0.001325148,0.012870071,0.006271302,0.0111775,18.48,0.688076923,0.832076923,1.968076923,3.029850746,4.2,2.2,2,3.64862157,5
36,1,300,17.08245,0.0569415,0,0,0,4.93E-32,18.48,0.35,0.33,0.493,1.493939394,4.2,2.2,2,1.39755,3
37,1,300,17.08245,0.0569415,0,0,0,4.93E-32,18.48,0.35,0.33,0.493,1.493939394,4.2,2.2,2,1.39755,3
38,0,90,17.2801125,0.19200125,5.56E-05,5.56E-05,0.00417284,0.012426718,18.48,0.516666667,0.461666667,0.802777778,1.861702128,4.2,2.2,2,1.1998875,2
39,1,100,15.21095,0.1521095,0.00030625,0.00005625,0.0289,0.231104297,18.48,0.9075,0.3725,0.45,3.303571429,4.2,2.2,2,3.26905,2
40,0,59,16.86136825,0.285785903,0.138621316,0.02316208,0.077755142,1.745527223,18.48,1.044152542,0.461525424,0.548898305,11.55555556,4.2,2.2,2,1.61863175,13
41,1,48,14.66427525,0.305505734,0.257724121,0.007434625,0.040233652,0.754355178,18.48,1.2134375,0.459479167,0.5271875,4,4.2,2.2,2,3.81572475,5
42,0,22,21.53677595,0.978944361,0.026281504,0.018146118,0.193558901,0.320790751,18.48,0.765636364,0.772136364,1.650909091,3.048484848,4.2,2.2,2,-3.05677595,16
43,0,110,17.815325,0.1619575,0.0036,0.000025,0.027225,0.325272521,18.48,0.95,0.385,0.455,3.482758621,4.2,2.2,2,0.664675,2
44,1,100,15.4000625,0.154000625,0.00105625,0.00015625,0.027225,0.226099387,18.48,0.9225,0.3675,0.455,3.293103448,4.2,2.2,2,3.0799375,2
45,1,36,17.49951,0.4860975,0,0,0,4.93E-32,18.48,0.705,0.7,0.985,1.407142857,4.2,2.2,2,0.98049,3
46,1,33,16.0412175,0.4860975,0,0,0,0,18.48,0.705,0.7,0.985,1.407142857,4.2,2.2,2,2.4387825,1
47,1,10,13.55376,1.355376,0,0,0,0,18.48,0.96,0.755,1.87,2.476821192,4.2,2.2,2,4.92624,1
48,1,10,13.55376,1.355376,0,0,0,0,18.48,0.96,0.755,1.87,2.476821192,4.2,2.2,2,4.92624,1
49,0,96,17.93148928,0.186786347,0.141724841,0.019792641,0.062392563,0.668173701,18.48,0.735947917,0.426239583,0.5435,5.137931034,4.2,2.2,2,0.54851072,18
50,1,54,17.230308,0.319079778,0.007766118,0.012450617,0.002966735,0.049734626,18.48,0.594259259,0.557777778,0.915925926,1.901098901,4.2,2.2,2,1.249692,3
51,1,60,14.8971375,0.248285625,0.00528125,0.008336806,0.002,0.033887857,18.48,0.5425,0.495833333,0.885,1.901098901,4.2,2.2,2,3.5828625,2
52,0,44,17.48604,0.39741,0.20475625,0.007225,0.030625,1.549742058,18.48,1.4525,0.525,0.575,4.7625,4.2,2.2,2,0.99396,2
53,1,62,11.90622024,0.19203581,0.060532374,0.048752555,0.071131108,0.191368776,18.48,0.511693548,0.38983871,0.603387097,4.7625,4.2,2.2,2,6.57377976,5
54,1,30,14.582925,0.4860975,0,0,0,0,18.48,0.705,0.7,0.985,1.407142857,4.2,2.2,2,3.897075,1
55,1,67,14.59221466,0.217794249,0.013448947,0.005048249,0.172077152,0.324510897,18.48,0.898089552,0.422477612,0.570731343,3.310344828,4.2,2.2,2,3.88778534,5
56,0,52,18.71635923,0.359929985,0.255954732,0.025105974,0.353433352,10.91603104,18.522,0.989134615,0.475288462,0.840615385,9.511764706,4.2,2.1,2.1,-0.19435923,14
57,1,96,14.32040708,0.149170907,0.067859505,0.018761056,0.065593094,0.255721166,18.522,0.482875,0.418166667,0.500677083,4.204545455,4.2,2.1,2.1,4.20159292,13
58,1,240,15.95309438,0.066471227,0.006158906,0.008397312,0.078687674,0.069924453,19.32,0.404120833,0.338645833,0.329070833,3.447761194,4.2,2.3,2,3.36690562,8
59,1,53,15.67029034,0.295665855,0.222223075,0.030580836,0.088484197,0.992739826,19.32,0.730018868,0.492264151,0.677622642,4.757575758,4.2,2.3,2,3.64970966,13
60,1,64,15.88738625,0.24824041,0.23550224,0.037819994,0.091617809,0.979623834,19.32,0.755703125,0.459578125,0.5361875,5.137931034,4.2,2.3,2,3.43261375,28
61,1,700,42.4895508,0.060699358,8.76E-05,0.000225551,0.000235918,0.014515573,52.992,0.552285714,0.240142857,0.458285714,2.578199052,9.6,2.3,2.4,10.5024492,3
62,1,700,40.2630696,0.057518671,0.000283959,0.000216694,0,0.049398611,52.992,0.556428571,0.221142857,0.468,2.830097087,9.6,2.3,2.4,12.7289304,3
63,0,139,19.33272879,0.13908438,0.03105832,0.024125063,0.061265503,0.878532175,15.99,0.704841727,0.466417266,0.426791367,4.108374384,4.1,1.95,2,-3.342728791,24
64,1,66,14.06285002,0.213073485,0.078796825,0.022814969,0.252789773,0.744223774,18.4779,0.55280303,0.409969697,0.603787879,5.446428571,4.19,2.1,2.1,4.415049978,13
65,0,58,16.47405142,0.284035369,0.084349955,0.015079567,0.087359913,0.519051103,18.4779,0.667362069,0.526810345,0.764017241,4.081632653,4.19,2.1,2.1,2.00384858,11
66,1,71,16.80941884,0.236752378,0.021136292,0.04918292,0.10160229,0.284989872,18.4779,0.605619718,0.44815493,0.663183099,3.362831858,4.19,2.1,2.1,1.668481162,16
67,0,91,17.13675882,0.188316031,0.036633087,0.010511676,0.09838365,0.40814936,18.4779,0.551032967,0.434835165,0.655098901,3.761904762,4.19,2.1,2.1,1.341141185,14
68,0,20,16.97143684,0.848571842,0.099029528,0.006776748,0.00031449,0.063066777,18.4779,1.30065,0.69095,0.9141,2.325259516,4.19,2.1,2.1,1.50646316,6
69,1,32,13.8307645,0.432211391,0.00449584,0.012237246,0.018572402,0.009158072,18.522,0.6726875,0.6564375,0.9348125,1.811403509,4.2,2.1,2.1,4.691235504,2
70,0,78,15.9009045,0.20385775,0.000919214,0.00061935,0.00984451,0.026284693,18.522,0.513205128,0.459551282,0.852948718,1.901098901,4.2,2.1,2.1,2.6210955,4
71,0,68,17.53447682,0.257859953,0.107188098,0.007067423,0.125053155,0.475557199,18.522,0.996426471,0.42525,0.582147059,4.038461538,4.2,2.1,2.1,0.98752318,11
72,0,105,19.2810779,0.183629313,0.005728528,0.00047727,0.059619175,0.241099843,18.522,0.55492381,0.466333333,0.742333333,3.218181818,4.2,2.1,2.1,-0.7590779,9
73,0,111,18.30365921,0.164897831,0.000888981,0.000791864,0.030729649,0.311693504,18.86,0.914747748,0.391252252,0.452657658,3.303571429,4.1,2.3,2,0.55634079,3
74,0,89,17.61058179,0.197871705,0.107245533,0.018929915,0.107936086,0.967781396,18.86,0.841831461,0.405707865,0.494123596,5.446428571,4.1,2.3,2,1.249418214,22
75,0,91,17.84783874,0.196130096,0.262959142,0.02754865,0.074311236,1.29862235,18.86,0.855978022,0.399142857,0.410802198,5.137931034,4.1,2.3,2,1.012161264,15
76,0,62,18.7080408,0.301742594,0.022403028,0.019322487,0.084834183,0.153911394,18.86,0.598064516,0.530645161,0.818548387,3.482142857,4.1,2.3,2,0.1519592,6
77,0,103,18.76352139,0.182170111,0.08780507,0.019610349,0.077943725,0.927159935,19.32,0.666378641,0.424631068,0.525475728,5.446428571,4.2,2.3,2,0.556478614,17
78,0,121,18.807252,0.155431835,0.000447613,0.004513729,0.028668534,0.231328995,19.32,0.908595041,0.378595041,0.450247934,3.303571429,4.2,2.3,2,0.512748,3
79,1,50,13.8065628,0.276131256,0.333784102,0.031026604,0.055455186,0.882010694,19.32,0.80124,0.44742,0.55588,3.814814815,4.2,2.3,2,5.513437198,14
80,1,45,15.44387993,0.343197332,0.010510516,0.01434544,0.156463281,0.636124354,19.404,0.9258,0.4926,0.682311111,3.482758621,4.2,2.2,2.1,3.960120075,7
81,1,255,13.99169486,0.054869392,0.019633836,0.014205832,0.077516893,4.751799387,19.404,0.554223529,0.28145098,0.191854902,7.571428571,4.2,2.2,2.1,5.412305138,21
82,1,104,15.819388,0.1521095,0.00030625,0.00005625,0.0289,0.231104297,19.404,0.9075,0.3725,0.45,3.303571429,4.2,2.2,2.1,3.584612,2
83,0,88,18.56797223,0.210999684,0.295035999,0.052995755,0.076225583,1.841944135,20.769,0.670022727,0.411920455,0.467590909,7.594827586,4.2,2.15,2.3,2.201027774,16
84,1,31,11.13882541,0.359316949,0.073770006,0.032823598,0.220161382,0.974151155,20.769,0.97216129,0.533580645,0.683806452,5.137931034,4.2,2.15,2.3,9.630174588,17
85,1,72,18.59899625,0.258319392,0.149797743,0.014546754,0.027475574,0.650749182,20.769,1.09875,0.450347222,0.497152778,4.204545455,4.2,2.15,2.3,2.17000375,5
86,1,70,17.62280922,0.251754417,0.18783302,0.038840691,0.108459743,1.215910053,21.358944,0.692542857,0.466628571,0.611,4.757575758,4.19,2.16,2.36,3.736134783,18
87,1,59,19.21104171,0.325610876,0.028061419,0.008385642,0.093706794,0.299963798,21.358944,0.650067797,0.540322034,0.888050847,3.482758621,4.19,2.16,2.36,2.14790229,5
88,0,37,18.73010838,0.506219145,0.014326083,0.033292836,0.341621622,0.698277631,21.358944,0.708567568,0.662594595,0.97,3.977777778,4.19,2.16,2.36,2.628835625,14
89,1,149,19.05155107,0.127862759,0.142535311,0.006018762,0.030986519,0.790728397,21.358944,0.751194631,0.329657718,0.417731544,7.428571429,4.19,2.16,2.36,2.307392934,9
90,1,98,18.70113867,0.190827946,0.080217896,0.015922823,0.107965162,1.029929784,21.358944,0.746959184,0.422744898,0.523204082,6,4.19,2.16,2.36,2.657805334,18
91,1,139,19.56394003,0.14074777,0.060920028,0.002683364,0.026409037,0.750946438,21.358944,0.80457554,0.376589928,0.452748201,3.482758621,4.19,2.16,2.36,1.795003968,7
92,1,58,17.72035923,0.305523435,0.087451067,0.033838798,0.301139545,0.589850184,21.358944,0.673396552,0.426827586,0.684155172,4.375,4.19,2.16,2.36,3.638584769,16
93,1,36,17.4590775,0.484974375,0.000347222,0.000170139,0.002067222,0.002979434,22.4322,0.726666667,0.675833333,0.988333333,1.591240876,4.2,2.18,2.45,4.9731225,2
94,1,118,17.948921,0.1521095,0.00030625,0.00005625,0.0289,0.231104297,21.252,0.9075,0.3725,0.45,3.303571429,4.2,2.2,2.3,3.303079,2
95,1,67,17.23030569,0.257168742,0.087947807,0.067036184,0.119230012,11.15932286,21.252,0.958791045,0.58658209,0.492671642,11.55555556,4.2,2.2,2.3,4.021694307,18
96,1,77,15.22722632,0.197756186,0.096222609,0.023683277,0.050217156,0.884671832,21.252,0.797961039,0.444246753,0.514558442,5.137931034,4.2,2.2,2.3,6.024773676,15
97,1,172,13.94850637,0.081095967,0.022365456,0.012876851,0.027008286,0.162371862,21.252,0.418622093,0.30355814,0.432395349,4.758241758,4.2,2.2,2.3,7.303493626,13
98,1,104,18.35456325,0.176486185,0.001610725,0.001822557,0.031246577,0.340328354,21.252,0.930576923,0.408221154,0.462740385,3.310344828,4.2,2.2,2.3,2.89743675,3
99,1,99,17.11484775,0.17287725,0,0,0,4.93E-32,20.286,0.51,0.455,0.745,1.637362637,4.2,2.3,2.1,3.17115225,1
100,1,300,17.08245,0.0569415,0,0,0,4.93E-32,20.286,0.35,0.33,0.493,1.493939394,4.2,2.3,2.1,3.20355,1
101,1,120,18.25314,0.1521095,0.00030625,0.00005625,0.0289,0.231104297,20.286,0.9075,0.3725,0.45,3.303571429,4.2,2.3,2.1,2.03286,2
102,1,96,17.230879,0.179488323,0.031035026,0.008315875,0.027958843,0.349838265,20.286,0.979375,0.401979167,0.460729167,4.038461538,4.2,2.3,2.1,3.055121,5
103,0,96,20.25324,0.21097125,0,0,0,0,20.286,0.525,0.47,0.855,1.819148936,4.2,2.3,2.1,0.03276,1
104,1,10,13.55376,1.355376,0,0,0,0,20.286,0.96,0.755,1.87,2.476821192,4.2,2.3,2.1,6.73224,1
105,1,49,16.957794,0.346077429,0.00393496,0.019975427,0.245657643,0.283900583,20.286,0.539755102,0.522040816,0.980102041,3.013392857,4.2,2.3,2.1,3.328206,2
106,1,38,17.04613425,0.44858248,0.239947732,0.021626247,0.044184089,0.544894048,20.286,1.298289474,0.529736842,0.601447368,3.814814815,4.2,2.3,2.1,3.23986575,6
107,0,38,17.98284238,0.473232694,0.000611884,0.000543023,0.001440443,0.011195402,20.286,0.684105263,0.684236842,1.012368421,1.633435583,4.2,2.3,2.1,2.30315762,3
108,0,40,18.24591,0.45614775,0.06375625,0.02325625,0.09,1.72603859,18.54,1.3175,0.6525,0.63,4.757575758,4.12,2.25,2,0.29409,2
109,0,38,18.471705,0.4860975,0,0,0,0,18.54,0.705,0.7,0.985,1.407142857,4.12,2.25,2,0.068295,1
110,0,120,19.06312337,0.158859361,0.002741366,0.00050275,0.028039608,0.316737022,18.54,0.910725,0.386,0.446658333,3.482142857,4.12,2.25,2,-0.52312337,5
111,1,120,16.51757834,0.137646486,0.093378393,0.011502116,0.067164753,0.75219569,18.54,0.680583333,0.369683333,0.470616667,4.375,4.12,2.25,2,2.022421658,18
112,1,112,17.036264,0.1521095,0.00030625,0.00005625,0.0289,0.231104297,18.522,0.9075,0.3725,0.45,3.303571429,4.2,2.1,2.1,1.485736,2
113,1,300,17.08245,0.0569415,0,0,0,4.93E-32,18.522,0.35,0.33,0.493,1.493939394,4.2,2.1,2.1,1.43955,1
114,1,93,16.60661478,0.17856575,0.071803691,0.010564213,0.076999399,0.851945327,18.522,0.786516129,0.419043011,0.505612903,5.137931034,4.2,2.1,2.1,1.915385218,22
115,0,84,17.54517163,0.208871091,0.057750221,0.023078122,0.123246297,0.449367071,18.522,0.693571429,0.444595238,0.591011905,3.310344828,4.2,2.1,2.1,0.976828375,10
116,1,70,16.2899946,0.232714209,0.081395515,0.008205066,0.067578959,0.58187742,18.522,0.960642857,0.441928571,0.546571429,4,4.2,2.1,2.1,2.2320054,8
117,1,106,16.123607,0.1521095,0.00030625,0.00005625,0.0289,0.231104297,18.522,0.9075,0.3725,0.45,3.303571429,4.2,2.1,2.1,2.398393,2
118,1,102,15.35997767,0.150588016,0.002551284,0.000366895,0.029060303,0.257884345,18.522,0.902656863,0.373647059,0.446245098,3.977777778,4.2,2.1,2.1,3.162022327,4
119,0,46,18.65739476,0.405595538,0.228600444,0.008668225,0.064714568,1.710338169,18.522,1.376347826,0.53776087,0.624673913,5.137931034,4.2,2.1,2.1,-0.13539476,6
120,1,300,17.08245,0.0569415,0,0,0,4.93E-32,18.522,0.35,0.33,0.493,1.493939394,4.2,2.1,2.1,1.43955,1
121,1,300,17.08245,0.0569415,0,0,0,4.93E-32,18.522,0.35,0.33,0.493,1.493939394,4.2,2.1,2.1,1.43955,1
122,1,41,13.28006853,0.323904111,0.179208243,0.025994316,0.151986196,0.927409344,18.522,0.747414634,0.51497561,0.760268293,5.446428571,4.2,2.1,2.1,5.241931466,19
123,0,55,16.55027894,0.300914163,0.011679076,0.014276075,0.029411521,0.033230311,18.522,0.5796,0.537872727,0.883545455,2.076923077,4.2,2.1,2.1,1.97172106,9
124,1,50,14.81331968,0.296266394,0.01967564,0.01433909,0.084990966,0.794306211,18.522,0.8656,0.5129,0.64756,3.792270531,4.2,2.1,2.1,3.708680325,8
125,1,88,15.12435525,0.171867673,0.108173853,0.018959045,0.058350117,1.078285889,18.522,0.641681818,0.436477273,0.510795455,4.757575758,4.2,2.1,2.1,3.397644751,15
126,1,38,15.10158,0.39741,0.20475625,0.007225,0.030625,1.549742058,18.522,1.4525,0.525,0.575,4.7625,4.2,2.1,2.1,3.42042,2
127,1,42,14.15831388,0.337102711,0.082245311,0.03621663,0.216124447,4.450392074,17.22,1.005785714,0.55847619,0.623928571,11.55555556,4.1,2.1,2,3.061686125,23
128,1,16,7.93110025,0.495693766,0.013023809,0.019890625,0.457365234,0.668530305,16,0.5609375,0.5375,1.313125,2.92,4,2,2,8.06889975,3
129,0,40,19.4439,0.4860975,0,0,0,0,16,0.705,0.7,0.985,1.407142857,4,2,2,-3.4439,1
130,0,51,16.84303324,0.330255554,0.030854483,0.046699465,0.184229281,0.529399337,16,0.60454902,0.520470588,0.836666667,3.107142857,4,2,2,-0.843033235,14
131,1,46,10.05605798,0.218609956,0.241168496,0.019617021,0.038523286,1.415433105,16,0.786065217,0.436978261,0.535586957,5.137931034,4,2,2,5.943942018,11
132,0,242,15.78762743,0.06523813,0.035740581,0.006773934,0.021257267,0.136195793,16,0.419318182,0.276256198,0.425954545,4,4,2,2,0.212372573,13
133,0,38,17.48347635,0.460091483,0.053395429,0.001159252,1.94E-05,0.014336982,16,0.810789474,0.627105263,0.889631579,1.734992679,4,2,2,-1.48347635,3
134,1,50,42.130755,0.8426151,0.00173984,0.012374604,0.21739941,0.474762141,55.86,0.6846,0.76142,1.5633,3.029850746,9.5,2.4,2.45,13.729245,9
135,0,24,7.052251386,0.293843808,0.07506475,0.040932693,0.111265068,0.169330915,7.02,0.615,0.457875,0.736625,2.38,2.6,1.5,1.8,-0.032251386,11
136,0,21,7.1231451,0.339197386,0.020645011,0.01842195,0.069529855,0.271181035,7.425,0.628809524,0.589380952,0.848952381,3.293103448,3.3,1.5,1.5,0.3018549,8
137,0,29,5.626525326,0.194018115,0.09678308,0.020658319,0.285396942,1.204284545,7.02,0.559758621,0.382517241,0.587241379,5.137931034,2.6,1.5,1.8,1.393474674,13
138,0,22,5.708261748,0.259466443,0.108926614,0.029715777,0.040356671,3.782279818,6.9255,1.0695,0.494363636,0.500318182,11.55555556,2.7,1.5,1.71,1.217238252,12
139,1,55,4.616395883,0.083934471,0.13448347,0.042469906,0.026957298,4.002123331,6.48,0.497945455,0.335945455,0.365581818,11.55555556,2.7,1.5,1.6,1.863604117,18
140,0,12,7.055481,0.58795675,0.213428472,0.06778941,0.23188275,8.226587708,6.075,1.000833333,0.465416667,1.0395,8.1,2.7,1.5,1.5,-0.980481,5
141,0,33,6.260560314,0.189713949,0.03512485,0.009689774,0.115427098,0.415668344,7.02,0.868575758,0.365727273,0.499151515,5.137931034,2.6,1.5,1.8,0.759439686,9
142,1,118,6.051038192,0.051279985,0.024702224,0.019402879,0.009565325,0.350187083,6.9255,0.449338983,0.305322034,0.360745763,4.375,2.7,1.5,1.71,0.874461808,10
143,0,108,6.899059776,0.063880183,0.002287423,0.004291365,0.001130562,0.097476291,7.02,0.485722222,0.381074074,0.346740741,2.568181818,2.6,1.5,1.8,0.120940224,2
144,1,20,5.7348924,0.28674462,0.029171428,0.041665728,0.445707,0.276477113,7.02,0.49015,0.42285,0.631,2.816901408,2.6,1.5,1.8,1.2851076,4
145,1,168,6.16363966,0.036688331,0.033006238,0.004005678,0.00997191,0.591145565,6.9255,0.37097619,0.228654762,0.387083333,3.293103448,2.7,1.5,1.71,0.76186034,6
146,0,92,6.395355902,0.069514738,0.001911263,0.000722368,0.004337478,0.050354191,7.02,0.503771739,0.398956522,0.347,2.897959184,2.6,1.5,1.8,0.624644098,9
147,0,11,5.986568355,0.544233487,0.039951322,0.040592364,0.637835785,0.389847787,7.02,0.630363636,0.53,1.206818182,3.303571429,2.6,1.5,1.8,1.033431645,6
148,0,136,7.967715977,0.058586147,0.007311495,0.001901596,0.00404468,0.037276299,7.425,0.566220588,0.211852941,0.474235294,3.203125,3.3,1.5,1.5,-0.542715977,6
149,0,84,6.16364474,0.073376723,0.02030961,0.012699848,0.111898917,0.333113184,7.02,0.376761905,0.299904762,0.548154762,2.940298507,2.6,1.5,1.8,0.85635526,5
150,1,36,5.515783136,0.153216198,0.03798084,0.02369458,0.008851138,0.944262472,6.9255,0.963222222,0.345555556,0.489472222,7.652173913,2.7,1.5,1.71,1.409716864,9
151,1,34,5.52995574,0.162645757,0.050114183,0.019936852,0.058207669,0.299088771,6.9255,0.576588235,0.377029412,0.658088235,3.482142857,2.7,1.5,1.71,1.39554426,10
152,1,44,4.46283069,0.10142797,0.119321975,0.052941345,0.049538318,2.548650861,6.48,0.457545455,0.315863636,0.418,11.55555556,2.7,1.5,1.6,2.01716931,13
153,1,46,4.473016656,0.097239493,0.066647537,0.010819302,0.020025401,1.045344633,6.885,0.590630435,0.355956522,0.436891304,4.666666667,2.7,1.5,1.7,2.411983344,13
154,1,108,5.933908187,0.054943594,0.009231154,0.00982878,0.021879336,0.106726637,7.02,0.744777778,0.26475,0.21425,4.108374384,2.6,1.5,1.8,1.086091813,9
155,0,29,5.807946944,0.200274033,0.071115581,0.039980247,0.047180985,5.522330225,7.02,0.960068966,0.483448276,0.441344828,11.55555556,2.6,1.5,1.8,1.212053056,8
156,0,81,6.818518637,0.084179242,0.130193978,0.016132977,0.025915777,2.686592611,6.9255,0.533814815,0.298382716,0.446975309,10.34375,2.7,1.5,1.71,0.106981363,16
157,1,29,5.580710801,0.192438303,0.020498937,0.010510683,0.107933717,0.455231913,7.02,0.835448276,0.416275862,0.527275862,3.482142857,2.6,1.5,1.8,1.439289199,14
158,0,23,6.526874639,0.283777158,0.162786412,0.053481043,0.153394106,7.818858739,6.075,1.086391304,0.299,0.73473913,8.153846154,2.7,1.5,1.5,-0.451874639,5
159,1,44,5.874925613,0.133521037,0.275785436,0.02116424,0.038795299,1.136128388,7.02,0.674136364,0.317181818,0.391704545,4.7625,2.6,1.5,1.8,1.145074387,14
160,0,68,8.9950596,0.132280288,0.031735701,0.002189291,0.029334036,1.281244192,7.425,0.863720588,0.359367647,0.412411765,8.46875,3.3,1.5,1.5,-1.5700596,9
161,0,17,6.026291375,0.354487728,0.058660934,0.038631232,0.294052581,5.296770813,6.885,0.875352941,0.671941176,0.666647059,11.55555556,2.7,1.5,1.7,0.858708625,15
162,0,72,6.402643794,0.088925608,0.081327907,0.004733776,0.030343375,0.934932203,6.9255,0.494597222,0.332208333,0.396236111,6,2.7,1.5,1.71,0.522856206,12
163,0,51,6.16197296,0.120822999,0.029374404,0.029133216,0.094812655,0.475641338,7.02,0.519705882,0.403137255,0.392823529,3.980676329,2.6,1.5,1.8,0.85802704,12
164,0,18,6.686786225,0.371488124,0.009440201,0.007406867,0.084497222,0.795441562,7.02,0.749722222,0.640277778,0.760333333,3.792270531,2.6,1.5,1.8,0.333213775,4
165,0,53,6.170457616,0.116423729,0.191626431,0.014030716,0.038557664,0.593191725,6.48,0.572056604,0.306962264,0.466641509,4,2.7,1.5,1.6,0.309542384,22
166,0,150,9.530164772,0.063534432,0.058117503,0.009256108,0.008436455,0.159163904,7.02,0.4583,0.28928,0.369353333,4,2.6,1.5,1.8,-2.510164772,13
167,1,46,5.64018516,0.122612721,0.091676635,0.046778815,0.026260494,0.930062335,6.9255,0.624130435,0.287521739,0.495630435,4.318181818,2.7,1.5,1.71,1.28531484,7
168,0,66,7.177734771,0.108753557,0.040339246,0.042220852,0.192178302,1.795196309,7.425,0.376560606,0.203893939,0.561590909,9.452702703,2.7,1.5,1.71,0.247265229,12
169,1,69,6.38601039,0.092550875,0.01002514,0.023551699,0.044426917,0.115986475,7.02,0.395405797,0.267507246,0.579492754,2.568181818,2.6,1.5,1.8,0.63398961,4
170,1,70,5.777741161,0.082539159,0.060550018,0.064762826,0.028616747,4.763828515,7.02,0.474157143,0.313271429,0.447285714,11.55555556,2.6,1.5,1.8,1.242258839,8
171,0,25,6.333851959,0.253354078,0.139584182,0.015049946,0.299691466,0.9696973,7.02,0.83924,0.44812,0.62988,4.7625,2.6,1.5,1.8,0.686148041,15
172,0,34,6.266645346,0.184313098,0.270882665,0.046848073,0.043333661,1.119715154,6.48,0.698264706,0.342470588,0.527529412,4.204545455,2.7,1.5,1.6,0.213354654,8
173,1,38,6.052900503,0.159286855,0.050357812,0.045186321,0.044320039,0.427847245,7.02,0.568631579,0.431315789,0.5695,4.108374384,2.6,1.5,1.8,0.967099497,11
174,0,220,6.752060063,0.030691182,0.021142727,0.004084748,0.01356953,0.598064923,7.425,0.328427273,0.226304545,0.373536364,3.823529412,3.3,1.5,1.5,0.672939937,23
175,0,168,6.824408692,0.04062148,0.002488857,0.00327633,0.008642194,0.070044146,6.075,0.360690476,0.27625,0.399857143,2.055555556,2.7,1.5,1.5,-0.749408692,7
176,1,51,5.880513956,0.115304195,0.061019131,0.025211915,0.142039646,1.044484533,6.9255,0.449078431,0.281078431,0.437627451,4.318181818,2.7,1.5,1.71,1.044986044,13
177,1,42,5.873602832,0.139847686,0.017139633,0.014804816,0.103503202,0.073924803,7.02,0.441285714,0.348571429,0.584809524,2.476821192,2.6,1.5,1.8,1.146397168,6
178,0,5,6.77688,1.355376,0,0,0,0,7.02,0.96,0.755,1.87,2.476821192,2.6,1.5,1.8,0.24312,1
179,0,6,6.84437325,1.140728875,0.04278125,0.025086806,0.25878125,0.124430088,7.02,0.8675,0.684166667,1.6425,2.476821192,2.6,1.5,1.8,0.17562675,2
180,0,17,5.41302147,0.318413028,0.115388713,0.032897356,0.183962457,1.042565221,6.48,1.082588235,0.474235294,0.609117647,4.7625,2.7,1.5,1.6,1.06697853,7
181,1,21,7.10673965,0.338416174,0.135107252,0.042606045,0.243807646,0.740613966,9.768,0.692714286,0.504619048,0.751857143,5.137931034,3.3,1.6,1.85,2.66126035,17
182,1,22,5.89610308,0.268004685,0.089040702,0.005514793,0.037026085,0.92843563,7.425,0.694454545,0.509454545,0.819772727,5.137931034,3.3,1.5,1.5,1.52889692,10
183,1,180,7.987533556,0.044375186,0.012168216,0.022089947,0.04187918,0.684873251,10.13472,0.320183333,0.171444444,0.357061111,3.260869565,3.24,1.7,1.84,2.147186444,12
184,1,224,8.208254325,0.036643993,0.031160574,0.010454677,0.017864415,0.35632103,9.768,0.403419643,0.166169643,0.366013393,5.137931034,3.3,1.6,1.85,1.559745675,18
185,0,44,9.552689244,0.217106574,0.166894731,0.022592179,0.096576924,1.76565427,9.768,0.745636364,0.425159091,0.570409091,5.446428571,3.3,1.6,1.85,0.215310756,21
186,1,35,8.50857648,0.243102185,0.043205571,0.023785817,0.142659383,0.821753925,10.13472,0.663171429,0.5408,0.6084,4.108374384,3.24,1.7,1.84,1.62614352,16
187,1,32,8.43919104,0.26372472,0.022769132,0.079882413,0.110654688,12.93685047,10.13472,0.90684375,0.66434375,0.55625,11.55555556,3.24,1.7,1.84,1.69552896,13
188,1,265,7.270601717,0.027436233,0.006796524,0.014652261,0.021803418,0.13520884,9.768,0.319026415,0.119864151,0.312860377,3.292490119,3.3,1.6,1.85,2.497398283,10
189,1,45,13.80199712,0.306711047,0.084255731,0.014693973,0.179895358,1.188046588,15.99,0.886155556,0.489266667,0.669555556,5.137931034,4.1,1.95,2,2.18800288,11
190,1,20,11.8751541,0.593757705,0.09923914,0.050134,0.42830725,1.689883681,16.4,1.0884,0.634,0.9295,5.137931034,4.1,2,2,4.5248459,3
191,1,215,16.25385819,0.07559934,0.133240694,0.029196066,0.036573056,0.445306721,21.358944,0.496674419,0.206060465,0.351134884,5.446428571,4.19,2.16,2.36,5.105085815,31
192,0,290,15.80208018,0.054489932,0.062159597,0.00921545,0.010803228,0.65507258,17.22,0.425944828,0.274686207,0.371751724,5.137931034,4.1,2.1,2,1.417919824,23
193,1,64,17.99158487,0.281118514,0.015715866,0.021741652,0.086079688,0.568952068,21.358944,0.82159375,0.5020625,0.67375,3.310344828,4.19,2.16,2.36,3.36735913,9
194,1,35,15.55065957,0.444304559,0.045193564,0.029386077,0.441506877,0.440941146,21.358944,0.577914286,0.491457143,0.958742857,2.967479675,4.19,2.16,2.36,5.808284428,9
195,1,76,12.17488169,0.160195812,0.205390618,0.023483114,0.076114453,2.109063993,17.22,0.855513158,0.437565789,0.354315789,5.446428571,4.1,2.1,2,5.045118306,19
196,0,75,18.09118493,0.241215799,0.089984312,0.043117517,0.109929077,0.481465837,18.7165,0.634186667,0.446386667,0.655826667,5.137931034,4.15,2.05,2.2,0.625315072,8
197,0,93,16.92262225,0.18196368,0.281079644,0.012574372,0.059851645,1.391764777,18.54,0.763967742,0.40383871,0.465344086,5.137931034,4.12,2.25,2,1.617377752,17
198,1,84,18.32660394,0.218173856,0.06525217,0.013012233,0.059654699,1.381719836,21.449448,0.963178571,0.431630952,0.50277381,11.55555556,4.19,2.16,2.37,3.122844058,21
199,0,99,17.05633955,0.172286258,0.102106818,0.037780102,0.101055386,0.873136842,18.7165,0.51210101,0.397171717,0.510262626,5.446428571,4.15,2.05,2.2,1.66016045,23
200,1,134,17.731551,0.132325007,0.099299953,0.034365334,0.094095624,1.177780743,21.449448,0.494156716,0.349783582,0.478708955,5.137931034,4.19,2.16,2.37,3.717896996,40
201,1,81,18.06621823,0.223039731,0.130639346,0.059240923,0.162815303,0.786070046,21.449448,0.568987654,0.427123457,0.543407407,5.446428571,4.19,2.16,2.37,3.383229769,23
202,0,60,17.91503864,0.298583977,0.06271145,0.019663499,0.201388581,1.040221414,21.449448,0.886816667,0.515366667,0.64995,4.267857143,4.19,2.16,2.37,3.53440936,21
203,1,919,18.20380402,0.019808274,0.040164991,0.011632624,0.052363699,4.260109119,21.449448,0.1961284,0.113075082,0.303633297,7.846153846,4.19,2.16,2.37,3.245643977,24
204,1,63,17.35770675,0.275519155,0.05745,0.002634014,0.131300794,1.344887754,21.449448,1.1,0.504285714,0.525,5.446428571,4.19,2.16,2.37,4.09174125,13
205,0,75,17.23398529,0.229786471,0.037488077,0.013444175,0.124881893,0.576989258,18.7165,0.960053333,0.419893333,0.5412,5.137931034,4.15,2.05,2.2,1.48251471,21
206,1,100,17.0415375,0.170415375,0.000625,0.00015625,0.02640625,0.312242768,21.449448,0.935,0.4025,0.4525,3.310344828,4.19,2.16,2.37,4.4079105,2
207,1,109,16.73746371,0.153554713,0.094061101,0.054433368,0.163037569,0.544910065,21.449448,0.514394495,0.272908257,0.484165138,5.137931034,4.19,2.16,2.37,4.711984288,31
208,1,38,16.80698279,0.442289021,0.120034857,0.039496471,0.363875272,1.713906207,21.449448,0.967657895,0.575052632,0.837131579,5.137931034,4.19,2.16,2.37,4.642465213,21
209,1,68,17.39281646,0.255776713,0.109421802,0.051874319,0.222339143,0.646450311,21.449448,0.748808824,0.393720588,0.555720588,4,4.19,2.16,2.37,4.056631536,10
210,0,87,18.50648629,0.212718233,0.063568479,0.007761469,0.10768349,0.436906967,19.78,0.950195402,0.420287356,0.498126437,6,4,2.15,2.3,1.27351371,18
211,1,56,16.8347005,0.300619652,0.100836575,0.058661454,0.352094388,0.171702784,21.449448,0.640178571,0.308785714,0.626428571,3.293103448,4.19,2.16,2.37,4.6147475,4
212,1,23,15.37097016,0.66830305,0.009147331,0.013918125,0.149748427,0.250244803,19.78,0.672869565,0.689695652,1.342913043,3.048484848,4,2.15,2.3,4.40902984,8
213,1,53,17.76047616,0.335103324,0.003853961,0.00629253,0.039065789,0.002859324,21.26006,0.588037736,0.570867925,0.945849057,1.706896552,4.19,2.15,2.36,3.49958384,6
214,0,26,16.78466124,0.645563894,2.15E-05,0.000617929,0.11304213,0.423952947,18.7165,0.652461538,0.593615385,1.678846154,3.212068966,4.15,2.05,2.2,1.93183876,3
215,1,317,18.74878452,0.059144431,0.062067488,0.00999137,0.032871196,0.625812158,21.449448,0.385365931,0.287353312,0.37173817,6.082417582,4.19,2.16,2.37,2.700663476,28
216,1,101,17.09608659,0.169268184,0.067157276,0.018045864,0.126896211,0.700665473,21.449448,0.552653465,0.419762376,0.547128713,5.137931034,4.19,2.16,2.37,4.35336141,17
217,1,140,15.04958601,0.107497043,0.040600638,0.019867596,0.088766932,0.493226849,21.449448,0.491928571,0.289892857,0.489442857,6.082417582,4.19,2.16,2.37,6.399861989,22
218,1,40,18.24591,0.45614775,0.06375625,0.02325625,0.09,1.72603859,21.449448,1.3175,0.6525,0.63,4.757575758,4.19,2.16,2.37,3.203538,2
219,1,35,14.84754475,0.424215564,0.23911,0.013434204,0.236142828,0.999769886,18.7165,1.21,0.506714286,0.719171429,4.7625,4.15,2.05,2.2,3.86895525,16
220,1,104,17.03630905,0.163810664,0.014679084,0.00230037,0.030729007,0.279432272,21.449448,0.928798077,0.378269231,0.462201923,4,4.19,2.16,2.37,4.41313895,7
221,0,67,17.9645316,0.268127337,0.115752851,0.017528141,0.111548204,1.569499625,18.54,0.931985075,0.486089552,0.585373134,5.137931034,4.12,2.25,2,0.575468401,26
222,1,69,16.18577045,0.234576383,0.046150536,0.012603108,0.070667391,0.764643515,21.449448,0.885434783,0.458608696,0.6,5.458333333,4.19,2.16,2.37,5.26367755,21
223,1,22,15.93101863,0.72413721,0.129134339,0.022517901,0.537967696,1.146822318,21.449448,1.131454545,0.641090909,0.985409091,5.446428571,4.19,2.16,2.37,5.518429375,15
224,1,113,18.35850377,0.162464635,0.013978594,0.00308899,0.038823482,0.363352831,21.449448,0.906159292,0.386353982,0.460070796,5.446428571,4.19,2.16,2.37,3.090944228,12
225,1,56,16.39028211,0.292683609,0.325472745,0.03423904,0.087222188,3.31697844,21.449448,0.968928571,0.478678571,0.529339286,11.55555556,4.19,2.16,2.37,5.059165888,14
226,1,118,18.7454845,0.158860038,0.011569793,0.000366913,0.027538897,0.236601992,21.449448,0.932627119,0.369322034,0.458135593,4,4.19,2.16,2.37,2.7039635,4
227,1,116,17.99240992,0.155106982,0.022560162,0.017467449,0.105286697,0.267610775,21.449448,0.577103448,0.350586207,0.613310345,5.137931034,4.19,2.16,2.37,3.457038085,19
228,1,119,16.55905514,0.139151724,0.045805476,0.018282833,0.071225845,1.222873542,21.8064,0.491470588,0.387352941,0.522689076,8.931506849,4.2,2.2,2.36,5.247344864,25
229,1,79,16.14454419,0.204361319,0.205757058,0.018082368,0.073646941,6.180026171,21.449448,1.007455696,0.425316456,0.495632911,10.46829268,4.19,2.16,2.37,5.30490381,10
230,0,106,19.11162162,0.180298317,0.058905231,0.038705638,0.095120648,0.261444304,21.449448,0.574933962,0.408150943,0.521113208,3.792270531,4.19,2.16,2.37,2.337826384,26
231,1,44,17.42774505,0.396085115,0.26459977,0.008970134,0.070609336,1.521869483,21.449448,1.000340909,0.567045455,0.818068182,4.7625,4.19,2.16,2.37,4.02170295,6
232,0,46,18.70073511,0.40653772,0.216941155,0.057090594,0.257956193,7.086754332,21.449448,1.052586957,0.414434783,0.98473913,9.411764706,4.19,2.16,2.37,2.748712892,25
233,1,593,16.47202537,0.027777446,0.018433843,0.013784921,0.022065198,0.313815948,21.449448,0.331593592,0.130524452,0.30744688,5.446428571,4.19,2.16,2.37,4.977422634,42
234,1,108,17.9813095,0.166493606,0.136843227,0.018156231,0.065850332,0.480890958,21.449448,0.646296296,0.3305,0.583101852,5.137931034,4.19,2.16,2.37,3.4681385,13
235,1,87,18.35776563,0.2110088,0.039060583,0.008893782,0.114532194,1.057202927,21.449448,0.905390805,0.412850575,0.514965517,10.34375,4.19,2.16,2.37,3.091682371,16
236,1,214,15.97165513,0.074633902,0.013432761,0.007910747,0.018406971,0.325326454,21.26006,0.40938785,0.339247664,0.456037383,6.609756098,4.19,2.15,2.36,5.288404868,10
237,1,204,31.4161275,0.154000625,0.00105625,0.00015625,0.027225,0.226099387,41.78475,0.9225,0.3675,0.455,3.293103448,7.58,2.25,2.45,10.3686225,2
238,1,54,35.2377,0.65255,0.245025,0.015625,0.0289,0.701251166,41.78475,1.565,0.625,0.71,3.814814815,7.58,2.25,2.45,6.54705,2
239,1,300,45.7032,0.152344,0.0001,0.0001,0.027225,0.158334665,52.187625,0.9,0.37,0.455,3.137931034,9.45,2.35,2.35,6.484425,2
240,1,298,45.398512,0.152344,0.0001,0.0001,0.027225,0.158334665,59.2128,0.9,0.37,0.455,3.137931034,9.6,2.4,2.57,13.814288,2
241,1,257,43.7723055,0.170320255,0.001786975,0.000228024,0.030940486,0.337725147,59.2128,0.942042802,0.397373541,0.456614786,3.482758621,9.6,2.4,2.57,15.4404945,9
